ISO-10303-21;
HEADER;
FILE_DESCRIPTION(('ViewDefinition [CoordinationView]'),'2;1');
FILE_NAME('','2026-09-25T14:22:21',(''),(''),'IfcOpenShell 0.8.5-1c5b825','IfcOpenShell 0.8.5-1c5b825','');
FILE_SCHEMA(('IFC4'));
ENDSEC;
DATA;
#1=IFCPROJECT('2pd8_q56r6lQZIyFzsQC05',$,'Concept bar-1080 (generated, diagnostic)',$,$,$,$,(#10),#5);
#2=IFCSIUNIT(*,.LENGTHUNIT.,.MILLI.,.METRE.);
#3=IFCSIUNIT(*,.AREAUNIT.,$,.SQUARE_METRE.);
#4=IFCSIUNIT(*,.VOLUMEUNIT.,$,.CUBIC_METRE.);
#5=IFCUNITASSIGNMENT((#4,#2,#3));
#6=IFCCARTESIANPOINT((0.,0.,0.));
#7=IFCDIRECTION((0.,0.,1.));
#8=IFCDIRECTION((1.,0.,0.));
#9=IFCAXIS2PLACEMENT3D(#6,#7,#8);
#10=IFCGEOMETRICREPRESENTATIONCONTEXT($,'Model',3,1.0000000000000001E-05,#9,$);
#11=IFCGEOMETRICREPRESENTATIONSUBCONTEXT('Body','Model',*,*,*,*,#10,$,.MODEL_VIEW.,$);
#12=IFCSITE('0E3lKXW7TAEhJbJBGV1uDd',$,'Site',$,$,$,$,$,$,$,$,$,$,$);
#13=IFCBUILDING('2iYiZXASX92e5mOg8n0tVP',$,'Building',$,$,$,$,$,$,$,$,$);
#14=IFCRELAGGREGATES('3cKV2IYr1A$fCqv2zCp0sk',$,$,$,#1,(#12));
#15=IFCRELAGGREGATES('1QvGspzzf4UBZPefNXS87R',$,$,$,#12,(#13));
#16=IFCBUILDINGSTOREY('1bzawjsO1EHuebDuvyeWpm',$,'L00',$,$,$,$,$,$,0.);
#17=IFCRELAGGREGATES('3YETcJNlz89Qf6o6m2Hqw2',$,$,$,#13,(#18,#16));
#18=IFCBUILDINGSTOREY('2pi_$gBin4GB01GtA5jrQY',$,'L01',$,$,$,$,$,$,3300.);
#19=IFCWALL('1jZuQjMfH5B8Qy_MceeMp4',$,'L00-W000',$,$,#36,#31,$,$);
#20=IFCRELCONTAINEDINSPATIALSTRUCTURE('1UoBdsgTT8DeXcJeN312s6',$,$,$,(#547,#1348,#241,#54,#1273,#1623,#428,#496,#309,#190,#377,#1548,#1198,#1473,#1123,#564,#445,#258,#71,#1398,#139,#394,#207,#1323,#1598,#513,#326,#1248,#1523,#581,#462,#275,#156,#88,#1173,#1448,#411,#1098,#1373,#1298,#530,#343,#224,#37,#1573,#479,#292,#105,#173,#19,#1223,#1498,#360,#122,#1148,#1423),#16);
#21=IFCCARTESIANPOINTLIST2D(((0.,0.),(0.,300.),(2600.,300.),(2600.,0.),(0.,0.)));
#22=IFCINDEXEDPOLYCURVE(#21,$,.F.);
#23=IFCDIRECTION((0.,0.,1.));
#24=IFCARBITRARYCLOSEDPROFILEDEF(.AREA.,$,#22);
#25=IFCCARTESIANPOINT((0.,0.,0.));
#26=IFCDIRECTION((0.,0.,1.));
#27=IFCDIRECTION((1.,0.,0.));
#28=IFCAXIS2PLACEMENT3D(#25,#26,#27);
#29=IFCEXTRUDEDAREASOLID(#24,#28,#23,3000.);
#30=IFCSHAPEREPRESENTATION(#11,'Body','SweptSolid',(#29));
#31=IFCPRODUCTDEFINITIONSHAPE($,$,(#30));
#32=IFCCARTESIANPOINT((6400.,5850.,0.));
#33=IFCDIRECTION((0.,0.,1.));
#34=IFCDIRECTION((1.,0.,0.));
#35=IFCAXIS2PLACEMENT3D(#32,#33,#34);
#36=IFCLOCALPLACEMENT($,#35);
#37=IFCWALL('2Kkbvd3z13rwET3NJfaV7$',$,'L00-W001',$,$,#53,#48,$,$);
#38=IFCCARTESIANPOINTLIST2D(((0.,0.),(0.,300.),(1800.,300.),(1800.,0.),(0.,0.)));
#39=IFCINDEXEDPOLYCURVE(#38,$,.F.);
#40=IFCDIRECTION((0.,0.,1.));
#41=IFCARBITRARYCLOSEDPROFILEDEF(.AREA.,$,#39);
#42=IFCCARTESIANPOINT((0.,0.,0.));
#43=IFCDIRECTION((0.,0.,1.));
#44=IFCDIRECTION((1.,0.,0.));
#45=IFCAXIS2PLACEMENT3D(#42,#43,#44);
#46=IFCEXTRUDEDAREASOLID(#41,#45,#40,3000.);
#47=IFCSHAPEREPRESENTATION(#11,'Body','SweptSolid',(#46));
#48=IFCPRODUCTDEFINITIONSHAPE($,$,(#47));
#49=IFCCARTESIANPOINT((9000.,5850.,0.));
#50=IFCDIRECTION((0.,0.,1.));
#51=IFCDIRECTION((1.,0.,0.));
#52=IFCAXIS2PLACEMENT3D(#49,#50,#51);
#53=IFCLOCALPLACEMENT($,#52);
#54=IFCWALL('0cZZu1zaH2BQa4fvJGcGVO',$,'L00-W002',$,$,#70,#65,$,$);
#55=IFCCARTESIANPOINTLIST2D(((0.,0.),(0.,300.),(1850.,300.),(1850.,0.),(0.,0.)));
#56=IFCINDEXEDPOLYCURVE(#55,$,.F.);
#57=IFCDIRECTION((0.,0.,1.));
#58=IFCARBITRARYCLOSEDPROFILEDEF(.AREA.,$,#56);
#59=IFCCARTESIANPOINT((0.,0.,0.));
#60=IFCDIRECTION((0.,0.,1.));
#61=IFCDIRECTION((1.,0.,0.));
#62=IFCAXIS2PLACEMENT3D(#59,#60,#61);
#63=IFCEXTRUDEDAREASOLID(#58,#62,#57,3000.);
#64=IFCSHAPEREPRESENTATION(#11,'Body','SweptSolid',(#63));
#65=IFCPRODUCTDEFINITIONSHAPE($,$,(#64));
#66=IFCCARTESIANPOINT((10800.,5850.,0.));
#67=IFCDIRECTION((0.,0.,1.));
#68=IFCDIRECTION((1.,0.,0.));
#69=IFCAXIS2PLACEMENT3D(#66,#67,#68);
#70=IFCLOCALPLACEMENT($,#69);
#71=IFCWALL('0TGPHOLNLEPRL3gZHVq2fG',$,'L00-W003',$,$,#87,#82,$,$);
#72=IFCCARTESIANPOINTLIST2D(((0.,0.),(0.,300.),(2600.,300.),(2600.,0.),(0.,0.)));
#73=IFCINDEXEDPOLYCURVE(#72,$,.F.);
#74=IFCDIRECTION((0.,0.,1.));
#75=IFCARBITRARYCLOSEDPROFILEDEF(.AREA.,$,#73);
#76=IFCCARTESIANPOINT((0.,0.,0.));
#77=IFCDIRECTION((0.,0.,1.));
#78=IFCDIRECTION((1.,0.,0.));
#79=IFCAXIS2PLACEMENT3D(#76,#77,#78);
#80=IFCEXTRUDEDAREASOLID(#75,#79,#74,3000.);
#81=IFCSHAPEREPRESENTATION(#11,'Body','SweptSolid',(#80));
#82=IFCPRODUCTDEFINITIONSHAPE($,$,(#81));
#83=IFCCARTESIANPOINT((12650.,5850.,0.));
#84=IFCDIRECTION((0.,0.,1.));
#85=IFCDIRECTION((1.,0.,0.));
#86=IFCAXIS2PLACEMENT3D(#83,#84,#85);
#87=IFCLOCALPLACEMENT($,#86);
#88=IFCWALL('1tthS7mmj3$uSP1fdllPnP',$,'L00-W004',$,$,#104,#99,$,$);
#89=IFCCARTESIANPOINTLIST2D(((0.,0.),(0.,300.),(2200.,300.),(2200.,0.),(0.,0.)));
#90=IFCINDEXEDPOLYCURVE(#89,$,.F.);
#91=IFCDIRECTION((0.,0.,1.));
#92=IFCARBITRARYCLOSEDPROFILEDEF(.AREA.,$,#90);
#93=IFCCARTESIANPOINT((0.,0.,0.));
#94=IFCDIRECTION((0.,0.,1.));
#95=IFCDIRECTION((1.,0.,0.));
#96=IFCAXIS2PLACEMENT3D(#93,#94,#95);
#97=IFCEXTRUDEDAREASOLID(#92,#96,#91,3000.);
#98=IFCSHAPEREPRESENTATION(#11,'Body','SweptSolid',(#97));
#99=IFCPRODUCTDEFINITIONSHAPE($,$,(#98));
#100=IFCCARTESIANPOINT((15250.,5850.,0.));
#101=IFCDIRECTION((0.,0.,1.));
#102=IFCDIRECTION((1.,0.,0.));
#103=IFCAXIS2PLACEMENT3D(#100,#101,#102);
#104=IFCLOCALPLACEMENT($,#103);
#105=IFCWALL('2BWCUQWE92yu3eflQyh7xC',$,'L00-W005',$,$,#121,#116,$,$);
#106=IFCCARTESIANPOINTLIST2D(((0.,0.),(0.,300.),(2600.,300.),(2600.,0.),(0.,0.)));
#107=IFCINDEXEDPOLYCURVE(#106,$,.F.);
#108=IFCDIRECTION((0.,0.,1.));
#109=IFCARBITRARYCLOSEDPROFILEDEF(.AREA.,$,#107);
#110=IFCCARTESIANPOINT((0.,0.,0.));
#111=IFCDIRECTION((0.,0.,1.));
#112=IFCDIRECTION((1.,0.,0.));
#113=IFCAXIS2PLACEMENT3D(#110,#111,#112);
#114=IFCEXTRUDEDAREASOLID(#109,#113,#108,3000.);
#115=IFCSHAPEREPRESENTATION(#11,'Body','SweptSolid',(#114));
#116=IFCPRODUCTDEFINITIONSHAPE($,$,(#115));
#117=IFCCARTESIANPOINT((17450.,5850.,0.));
#118=IFCDIRECTION((0.,0.,1.));
#119=IFCDIRECTION((1.,0.,0.));
#120=IFCAXIS2PLACEMENT3D(#117,#118,#119);
#121=IFCLOCALPLACEMENT($,#120);
#122=IFCWALL('1aNGwZMDT2$8mMGW7P5c8C',$,'L00-W006',$,$,#138,#133,$,$);
#123=IFCCARTESIANPOINTLIST2D(((0.,0.),(0.,300.),(3549.9999999999995,300.),(3549.9999999999995,0.),(0.,0.)));
#124=IFCINDEXEDPOLYCURVE(#123,$,.F.);
#125=IFCDIRECTION((0.,0.,1.));
#126=IFCARBITRARYCLOSEDPROFILEDEF(.AREA.,$,#124);
#127=IFCCARTESIANPOINT((0.,0.,0.));
#128=IFCDIRECTION((0.,0.,1.));
#129=IFCDIRECTION((1.,0.,0.));
#130=IFCAXIS2PLACEMENT3D(#127,#128,#129);
#131=IFCEXTRUDEDAREASOLID(#126,#130,#125,3000.);
#132=IFCSHAPEREPRESENTATION(#11,'Body','SweptSolid',(#131));
#133=IFCPRODUCTDEFINITIONSHAPE($,$,(#132));
#134=IFCCARTESIANPOINT((20050.,5850.,0.));
#135=IFCDIRECTION((0.,0.,1.));
#136=IFCDIRECTION((1.,0.,0.));
#137=IFCAXIS2PLACEMENT3D(#134,#135,#136);
#138=IFCLOCALPLACEMENT($,#137);
#139=IFCWALL('0nA7xyNGTDVOu0f617XQfO',$,'L00-W007',$,$,#155,#150,$,$);
#140=IFCCARTESIANPOINTLIST2D(((0.,0.),(0.,100.),(2600.,100.),(2600.,0.),(0.,0.)));
#141=IFCINDEXEDPOLYCURVE(#140,$,.F.);
#142=IFCDIRECTION((0.,0.,1.));
#143=IFCARBITRARYCLOSEDPROFILEDEF(.AREA.,$,#141);
#144=IFCCARTESIANPOINT((0.,0.,0.));
#145=IFCDIRECTION((0.,0.,1.));
#146=IFCDIRECTION((1.,0.,0.));
#147=IFCAXIS2PLACEMENT3D(#144,#145,#146);
#148=IFCEXTRUDEDAREASOLID(#143,#147,#142,3000.);
#149=IFCSHAPEREPRESENTATION(#11,'Body','SweptSolid',(#148));
#150=IFCPRODUCTDEFINITIONSHAPE($,$,(#149));
#151=IFCCARTESIANPOINT((6400.,11350.,0.));
#152=IFCDIRECTION((0.,0.,1.));
#153=IFCDIRECTION((1.,0.,0.));
#154=IFCAXIS2PLACEMENT3D(#151,#152,#153);
#155=IFCLOCALPLACEMENT($,#154);
#156=IFCWALL('1LljngxmP56QE4ED9okQha',$,'L00-W008',$,$,#172,#167,$,$);
#157=IFCCARTESIANPOINTLIST2D(((0.,0.),(0.,100.),(1800.,100.),(1800.,0.),(0.,0.)));
#158=IFCINDEXEDPOLYCURVE(#157,$,.F.);
#159=IFCDIRECTION((0.,0.,1.));
#160=IFCARBITRARYCLOSEDPROFILEDEF(.AREA.,$,#158);
#161=IFCCARTESIANPOINT((0.,0.,0.));
#162=IFCDIRECTION((0.,0.,1.));
#163=IFCDIRECTION((1.,0.,0.));
#164=IFCAXIS2PLACEMENT3D(#161,#162,#163);
#165=IFCEXTRUDEDAREASOLID(#160,#164,#159,3000.);
#166=IFCSHAPEREPRESENTATION(#11,'Body','SweptSolid',(#165));
#167=IFCPRODUCTDEFINITIONSHAPE($,$,(#166));
#168=IFCCARTESIANPOINT((9000.,11350.,0.));
#169=IFCDIRECTION((0.,0.,1.));
#170=IFCDIRECTION((1.,0.,0.));
#171=IFCAXIS2PLACEMENT3D(#168,#169,#170);
#172=IFCLOCALPLACEMENT($,#171);
#173=IFCWALL('2fuvZBbgr7OvC5RuA83uiA',$,'L00-W009',$,$,#189,#184,$,$);
#174=IFCCARTESIANPOINTLIST2D(((0.,0.),(0.,100.),(1850.,100.),(1850.,0.),(0.,0.)));
#175=IFCINDEXEDPOLYCURVE(#174,$,.F.);
#176=IFCDIRECTION((0.,0.,1.));
#177=IFCARBITRARYCLOSEDPROFILEDEF(.AREA.,$,#175);
#178=IFCCARTESIANPOINT((0.,0.,0.));
#179=IFCDIRECTION((0.,0.,1.));
#180=IFCDIRECTION((1.,0.,0.));
#181=IFCAXIS2PLACEMENT3D(#178,#179,#180);
#182=IFCEXTRUDEDAREASOLID(#177,#181,#176,3000.);
#183=IFCSHAPEREPRESENTATION(#11,'Body','SweptSolid',(#182));
#184=IFCPRODUCTDEFINITIONSHAPE($,$,(#183));
#185=IFCCARTESIANPOINT((10800.,11350.,0.));
#186=IFCDIRECTION((0.,0.,1.));
#187=IFCDIRECTION((1.,0.,0.));
#188=IFCAXIS2PLACEMENT3D(#185,#186,#187);
#189=IFCLOCALPLACEMENT($,#188);
#190=IFCWALL('1vKJOH3Cf7M9hE7YOF4ORs',$,'L00-W010',$,$,#206,#201,$,$);
#191=IFCCARTESIANPOINTLIST2D(((0.,0.),(0.,100.),(2600.,100.),(2600.,0.),(0.,0.)));
#192=IFCINDEXEDPOLYCURVE(#191,$,.F.);
#193=IFCDIRECTION((0.,0.,1.));
#194=IFCARBITRARYCLOSEDPROFILEDEF(.AREA.,$,#192);
#195=IFCCARTESIANPOINT((0.,0.,0.));
#196=IFCDIRECTION((0.,0.,1.));
#197=IFCDIRECTION((1.,0.,0.));
#198=IFCAXIS2PLACEMENT3D(#195,#196,#197);
#199=IFCEXTRUDEDAREASOLID(#194,#198,#193,3000.);
#200=IFCSHAPEREPRESENTATION(#11,'Body','SweptSolid',(#199));
#201=IFCPRODUCTDEFINITIONSHAPE($,$,(#200));
#202=IFCCARTESIANPOINT((12650.,11350.,0.));
#203=IFCDIRECTION((0.,0.,1.));
#204=IFCDIRECTION((1.,0.,0.));
#205=IFCAXIS2PLACEMENT3D(#202,#203,#204);
#206=IFCLOCALPLACEMENT($,#205);
#207=IFCWALL('361V2P8XD2SB1EvyKzOZ4O',$,'L00-W011',$,$,#223,#218,$,$);
#208=IFCCARTESIANPOINTLIST2D(((0.,0.),(0.,100.),(2200.,100.),(2200.,0.),(0.,0.)));
#209=IFCINDEXEDPOLYCURVE(#208,$,.F.);
#210=IFCDIRECTION((0.,0.,1.));
#211=IFCARBITRARYCLOSEDPROFILEDEF(.AREA.,$,#209);
#212=IFCCARTESIANPOINT((0.,0.,0.));
#213=IFCDIRECTION((0.,0.,1.));
#214=IFCDIRECTION((1.,0.,0.));
#215=IFCAXIS2PLACEMENT3D(#212,#213,#214);
#216=IFCEXTRUDEDAREASOLID(#211,#215,#210,3000.);
#217=IFCSHAPEREPRESENTATION(#11,'Body','SweptSolid',(#216));
#218=IFCPRODUCTDEFINITIONSHAPE($,$,(#217));
#219=IFCCARTESIANPOINT((15250.,11350.,0.));
#220=IFCDIRECTION((0.,0.,1.));
#221=IFCDIRECTION((1.,0.,0.));
#222=IFCAXIS2PLACEMENT3D(#219,#220,#221);
#223=IFCLOCALPLACEMENT($,#222);
#224=IFCWALL('250bb0kVD7EuMPGjX45jtM',$,'L00-W012',$,$,#240,#235,$,$);
#225=IFCCARTESIANPOINTLIST2D(((0.,0.),(0.,100.),(2600.,100.),(2600.,0.),(0.,0.)));
#226=IFCINDEXEDPOLYCURVE(#225,$,.F.);
#227=IFCDIRECTION((0.,0.,1.));
#228=IFCARBITRARYCLOSEDPROFILEDEF(.AREA.,$,#226);
#229=IFCCARTESIANPOINT((0.,0.,0.));
#230=IFCDIRECTION((0.,0.,1.));
#231=IFCDIRECTION((1.,0.,0.));
#232=IFCAXIS2PLACEMENT3D(#229,#230,#231);
#233=IFCEXTRUDEDAREASOLID(#228,#232,#227,3000.);
#234=IFCSHAPEREPRESENTATION(#11,'Body','SweptSolid',(#233));
#235=IFCPRODUCTDEFINITIONSHAPE($,$,(#234));
#236=IFCCARTESIANPOINT((17450.,11350.,0.));
#237=IFCDIRECTION((0.,0.,1.));
#238=IFCDIRECTION((1.,0.,0.));
#239=IFCAXIS2PLACEMENT3D(#236,#237,#238);
#240=IFCLOCALPLACEMENT($,#239);
#241=IFCWALL('3_1U88Cyb84QIg$kSvUSY2',$,'L00-W013',$,$,#257,#252,$,$);
#242=IFCCARTESIANPOINTLIST2D(((0.,0.),(0.,100.),(3549.9999999999995,100.),(3549.9999999999995,0.),(0.,0.)));
#243=IFCINDEXEDPOLYCURVE(#242,$,.F.);
#244=IFCDIRECTION((0.,0.,1.));
#245=IFCARBITRARYCLOSEDPROFILEDEF(.AREA.,$,#243);
#246=IFCCARTESIANPOINT((0.,0.,0.));
#247=IFCDIRECTION((0.,0.,1.));
#248=IFCDIRECTION((1.,0.,0.));
#249=IFCAXIS2PLACEMENT3D(#246,#247,#248);
#250=IFCEXTRUDEDAREASOLID(#245,#249,#244,3000.);
#251=IFCSHAPEREPRESENTATION(#11,'Body','SweptSolid',(#250));
#252=IFCPRODUCTDEFINITIONSHAPE($,$,(#251));
#253=IFCCARTESIANPOINT((20050.,11350.,0.));
#254=IFCDIRECTION((0.,0.,1.));
#255=IFCDIRECTION((1.,0.,0.));
#256=IFCAXIS2PLACEMENT3D(#253,#254,#255);
#257=IFCLOCALPLACEMENT($,#256);
#258=IFCWALL('20xo81Hxb6zxuPqwyVz4oV',$,'L00-W014',$,$,#274,#269,$,$);
#259=IFCCARTESIANPOINTLIST2D(((0.,0.),(0.,100.),(8000.,100.),(8000.,0.),(0.,0.)));
#260=IFCINDEXEDPOLYCURVE(#259,$,.F.);
#261=IFCDIRECTION((0.,0.,1.));
#262=IFCARBITRARYCLOSEDPROFILEDEF(.AREA.,$,#260);
#263=IFCCARTESIANPOINT((0.,0.,0.));
#264=IFCDIRECTION((0.,0.,1.));
#265=IFCDIRECTION((1.,0.,0.));
#266=IFCAXIS2PLACEMENT3D(#263,#264,#265);
#267=IFCEXTRUDEDAREASOLID(#262,#266,#261,3000.);
#268=IFCSHAPEREPRESENTATION(#11,'Body','SweptSolid',(#267));
#269=IFCPRODUCTDEFINITIONSHAPE($,$,(#268));
#270=IFCCARTESIANPOINT((6400.,12650.,0.));
#271=IFCDIRECTION((0.,0.,1.));
#272=IFCDIRECTION((1.,0.,0.));
#273=IFCAXIS2PLACEMENT3D(#270,#271,#272);
#274=IFCLOCALPLACEMENT($,#273);
#275=IFCWALL('0HiUBGXKv7mv2IwYJqsWG9',$,'L00-W015',$,$,#291,#286,$,$);
#276=IFCCARTESIANPOINTLIST2D(((0.,0.),(0.,100.),(4400.,100.),(4400.,0.),(0.,0.)));
#277=IFCINDEXEDPOLYCURVE(#276,$,.F.);
#278=IFCDIRECTION((0.,0.,1.));
#279=IFCARBITRARYCLOSEDPROFILEDEF(.AREA.,$,#277);
#280=IFCCARTESIANPOINT((0.,0.,0.));
#281=IFCDIRECTION((0.,0.,1.));
#282=IFCDIRECTION((1.,0.,0.));
#283=IFCAXIS2PLACEMENT3D(#280,#281,#282);
#284=IFCEXTRUDEDAREASOLID(#279,#283,#278,3000.);
#285=IFCSHAPEREPRESENTATION(#11,'Body','SweptSolid',(#284));
#286=IFCPRODUCTDEFINITIONSHAPE($,$,(#285));
#287=IFCCARTESIANPOINT((14400.,12650.,0.));
#288=IFCDIRECTION((0.,0.,1.));
#289=IFCDIRECTION((1.,0.,0.));
#290=IFCAXIS2PLACEMENT3D(#287,#288,#289);
#291=IFCLOCALPLACEMENT($,#290);
#292=IFCWALL('2kLh$ArC51VAJzZOFLKzOO',$,'L00-W016',$,$,#308,#303,$,$);
#293=IFCCARTESIANPOINTLIST2D(((0.,0.),(0.,100.),(4800.,100.),(4800.,0.),(0.,0.)));
#294=IFCINDEXEDPOLYCURVE(#293,$,.F.);
#295=IFCDIRECTION((0.,0.,1.));
#296=IFCARBITRARYCLOSEDPROFILEDEF(.AREA.,$,#294);
#297=IFCCARTESIANPOINT((0.,0.,0.));
#298=IFCDIRECTION((0.,0.,1.));
#299=IFCDIRECTION((1.,0.,0.));
#300=IFCAXIS2PLACEMENT3D(#297,#298,#299);
#301=IFCEXTRUDEDAREASOLID(#296,#300,#295,3000.);
#302=IFCSHAPEREPRESENTATION(#11,'Body','SweptSolid',(#301));
#303=IFCPRODUCTDEFINITIONSHAPE($,$,(#302));
#304=IFCCARTESIANPOINT((18800.,12650.,0.));
#305=IFCDIRECTION((0.,0.,1.));
#306=IFCDIRECTION((1.,0.,0.));
#307=IFCAXIS2PLACEMENT3D(#304,#305,#306);
#308=IFCLOCALPLACEMENT($,#307);
#309=IFCWALL('2HawIkYLD8_uirimQ6zoJF',$,'L00-W017',$,$,#325,#320,$,$);
#310=IFCCARTESIANPOINTLIST2D(((0.,0.),(0.,300.),(8000.,300.),(8000.,0.),(0.,0.)));
#311=IFCINDEXEDPOLYCURVE(#310,$,.F.);
#312=IFCDIRECTION((0.,0.,1.));
#313=IFCARBITRARYCLOSEDPROFILEDEF(.AREA.,$,#311);
#314=IFCCARTESIANPOINT((0.,0.,0.));
#315=IFCDIRECTION((0.,0.,1.));
#316=IFCDIRECTION((1.,0.,0.));
#317=IFCAXIS2PLACEMENT3D(#314,#315,#316);
#318=IFCEXTRUDEDAREASOLID(#313,#317,#312,3000.);
#319=IFCSHAPEREPRESENTATION(#11,'Body','SweptSolid',(#318));
#320=IFCPRODUCTDEFINITIONSHAPE($,$,(#319));
#321=IFCCARTESIANPOINT((6400.,17550.,0.));
#322=IFCDIRECTION((0.,0.,1.));
#323=IFCDIRECTION((1.,0.,0.));
#324=IFCAXIS2PLACEMENT3D(#321,#322,#323);
#325=IFCLOCALPLACEMENT($,#324);
#326=IFCWALL('0ekq0L0_b1XhQdksHOBHDN',$,'L00-W018',$,$,#342,#337,$,$);
#327=IFCCARTESIANPOINTLIST2D(((0.,0.),(0.,300.),(4400.,300.),(4400.,0.),(0.,0.)));
#328=IFCINDEXEDPOLYCURVE(#327,$,.F.);
#329=IFCDIRECTION((0.,0.,1.));
#330=IFCARBITRARYCLOSEDPROFILEDEF(.AREA.,$,#328);
#331=IFCCARTESIANPOINT((0.,0.,0.));
#332=IFCDIRECTION((0.,0.,1.));
#333=IFCDIRECTION((1.,0.,0.));
#334=IFCAXIS2PLACEMENT3D(#331,#332,#333);
#335=IFCEXTRUDEDAREASOLID(#330,#334,#329,3000.);
#336=IFCSHAPEREPRESENTATION(#11,'Body','SweptSolid',(#335));
#337=IFCPRODUCTDEFINITIONSHAPE($,$,(#336));
#338=IFCCARTESIANPOINT((14400.,17550.,0.));
#339=IFCDIRECTION((0.,0.,1.));
#340=IFCDIRECTION((1.,0.,0.));
#341=IFCAXIS2PLACEMENT3D(#338,#339,#340);
#342=IFCLOCALPLACEMENT($,#341);
#343=IFCWALL('3K3rASORPFAOY1hca7SdvV',$,'L00-W019',$,$,#359,#354,$,$);
#344=IFCCARTESIANPOINTLIST2D(((0.,0.),(0.,300.),(4800.,300.),(4800.,0.),(0.,0.)));
#345=IFCINDEXEDPOLYCURVE(#344,$,.F.);
#346=IFCDIRECTION((0.,0.,1.));
#347=IFCARBITRARYCLOSEDPROFILEDEF(.AREA.,$,#345);
#348=IFCCARTESIANPOINT((0.,0.,0.));
#349=IFCDIRECTION((0.,0.,1.));
#350=IFCDIRECTION((1.,0.,0.));
#351=IFCAXIS2PLACEMENT3D(#348,#349,#350);
#352=IFCEXTRUDEDAREASOLID(#347,#351,#346,3000.);
#353=IFCSHAPEREPRESENTATION(#11,'Body','SweptSolid',(#352));
#354=IFCPRODUCTDEFINITIONSHAPE($,$,(#353));
#355=IFCCARTESIANPOINT((18800.,17550.,0.));
#356=IFCDIRECTION((0.,0.,1.));
#357=IFCDIRECTION((1.,0.,0.));
#358=IFCAXIS2PLACEMENT3D(#355,#356,#357);
#359=IFCLOCALPLACEMENT($,#358);
#360=IFCWALL('0C09psj$z6uARbh5_CxArc',$,'L00-W020',$,$,#376,#371,$,$);
#361=IFCCARTESIANPOINTLIST2D(((0.,0.),(0.,300.),(5400.,300.),(5400.,0.),(0.,0.)));
#362=IFCINDEXEDPOLYCURVE(#361,$,.F.);
#363=IFCDIRECTION((0.,0.,1.));
#364=IFCARBITRARYCLOSEDPROFILEDEF(.AREA.,$,#362);
#365=IFCCARTESIANPOINT((0.,0.,0.));
#366=IFCDIRECTION((0.,0.,1.));
#367=IFCDIRECTION((1.,0.,0.));
#368=IFCAXIS2PLACEMENT3D(#365,#366,#367);
#369=IFCEXTRUDEDAREASOLID(#364,#368,#363,3000.);
#370=IFCSHAPEREPRESENTATION(#11,'Body','SweptSolid',(#369));
#371=IFCPRODUCTDEFINITIONSHAPE($,$,(#370));
#372=IFCCARTESIANPOINT((6550.,6000.,0.));
#373=IFCDIRECTION((0.,0.,1.));
#374=IFCDIRECTION((6.123233995736766E-17,1.,0.));
#375=IFCAXIS2PLACEMENT3D(#372,#373,#374);
#376=IFCLOCALPLACEMENT($,#375);
#377=IFCWALL('1IVSO03sb8JfBjr4ZetezX',$,'L00-W021',$,$,#393,#388,$,$);
#378=IFCCARTESIANPOINTLIST2D(((0.,0.),(0.,300.),(1300.,300.),(1300.,0.),(0.,0.)));
#379=IFCINDEXEDPOLYCURVE(#378,$,.F.);
#380=IFCDIRECTION((0.,0.,1.));
#381=IFCARBITRARYCLOSEDPROFILEDEF(.AREA.,$,#379);
#382=IFCCARTESIANPOINT((0.,0.,0.));
#383=IFCDIRECTION((0.,0.,1.));
#384=IFCDIRECTION((1.,0.,0.));
#385=IFCAXIS2PLACEMENT3D(#382,#383,#384);
#386=IFCEXTRUDEDAREASOLID(#381,#385,#380,3000.);
#387=IFCSHAPEREPRESENTATION(#11,'Body','SweptSolid',(#386));
#388=IFCPRODUCTDEFINITIONSHAPE($,$,(#387));
#389=IFCCARTESIANPOINT((6550.,11400.,0.));
#390=IFCDIRECTION((0.,0.,1.));
#391=IFCDIRECTION((6.123233995736766E-17,1.,0.));
#392=IFCAXIS2PLACEMENT3D(#389,#390,#391);
#393=IFCLOCALPLACEMENT($,#392);
#394=IFCWALL('0yLmrjD6P3MPi9cgqywmdt',$,'L00-W022',$,$,#410,#405,$,$);
#395=IFCCARTESIANPOINTLIST2D(((0.,0.),(0.,300.),(5000.,300.),(5000.,0.),(0.,0.)));
#396=IFCINDEXEDPOLYCURVE(#395,$,.F.);
#397=IFCDIRECTION((0.,0.,1.));
#398=IFCARBITRARYCLOSEDPROFILEDEF(.AREA.,$,#396);
#399=IFCCARTESIANPOINT((0.,0.,0.));
#400=IFCDIRECTION((0.,0.,1.));
#401=IFCDIRECTION((1.,0.,0.));
#402=IFCAXIS2PLACEMENT3D(#399,#400,#401);
#403=IFCEXTRUDEDAREASOLID(#398,#402,#397,3000.);
#404=IFCSHAPEREPRESENTATION(#11,'Body','SweptSolid',(#403));
#405=IFCPRODUCTDEFINITIONSHAPE($,$,(#404));
#406=IFCCARTESIANPOINT((6550.,12700.,0.));
#407=IFCDIRECTION((0.,0.,1.));
#408=IFCDIRECTION((6.123233995736766E-17,1.,0.));
#409=IFCAXIS2PLACEMENT3D(#406,#407,#408);
#410=IFCLOCALPLACEMENT($,#409);
#411=IFCWALL('11xrC967H0VOBxsAWCvX8y',$,'L00-W023',$,$,#427,#422,$,$);
#412=IFCCARTESIANPOINTLIST2D(((0.,0.),(0.,100.),(5400.,100.),(5400.,0.),(0.,0.)));
#413=IFCINDEXEDPOLYCURVE(#412,$,.F.);
#414=IFCDIRECTION((0.,0.,1.));
#415=IFCARBITRARYCLOSEDPROFILEDEF(.AREA.,$,#413);
#416=IFCCARTESIANPOINT((0.,0.,0.));
#417=IFCDIRECTION((0.,0.,1.));
#418=IFCDIRECTION((1.,0.,0.));
#419=IFCAXIS2PLACEMENT3D(#416,#417,#418);
#420=IFCEXTRUDEDAREASOLID(#415,#419,#414,3000.);
#421=IFCSHAPEREPRESENTATION(#11,'Body','SweptSolid',(#420));
#422=IFCPRODUCTDEFINITIONSHAPE($,$,(#421));
#423=IFCCARTESIANPOINT((9050.,6000.,0.));
#424=IFCDIRECTION((0.,0.,1.));
#425=IFCDIRECTION((6.123233995736766E-17,1.,0.));
#426=IFCAXIS2PLACEMENT3D(#423,#424,#425);
#427=IFCLOCALPLACEMENT($,#426);
#428=IFCWALL('0sbg2G5IjCZBhjqoBW17_e',$,'L00-W024',$,$,#444,#439,$,$);
#429=IFCCARTESIANPOINTLIST2D(((0.,0.),(0.,100.),(5400.,100.),(5400.,0.),(0.,0.)));
#430=IFCINDEXEDPOLYCURVE(#429,$,.F.);
#431=IFCDIRECTION((0.,0.,1.));
#432=IFCARBITRARYCLOSEDPROFILEDEF(.AREA.,$,#430);
#433=IFCCARTESIANPOINT((0.,0.,0.));
#434=IFCDIRECTION((0.,0.,1.));
#435=IFCDIRECTION((1.,0.,0.));
#436=IFCAXIS2PLACEMENT3D(#433,#434,#435);
#437=IFCEXTRUDEDAREASOLID(#432,#436,#431,3000.);
#438=IFCSHAPEREPRESENTATION(#11,'Body','SweptSolid',(#437));
#439=IFCPRODUCTDEFINITIONSHAPE($,$,(#438));
#440=IFCCARTESIANPOINT((10850.,6000.,0.));
#441=IFCDIRECTION((0.,0.,1.));
#442=IFCDIRECTION((6.123233995736766E-17,1.,0.));
#443=IFCAXIS2PLACEMENT3D(#440,#441,#442);
#444=IFCLOCALPLACEMENT($,#443);
#445=IFCWALL('1_QuMBg$f8ABTKHkayGT1N',$,'L00-W025',$,$,#461,#456,$,$);
#446=IFCCARTESIANPOINTLIST2D(((0.,0.),(0.,100.),(5400.,100.),(5400.,0.),(0.,0.)));
#447=IFCINDEXEDPOLYCURVE(#446,$,.F.);
#448=IFCDIRECTION((0.,0.,1.));
#449=IFCARBITRARYCLOSEDPROFILEDEF(.AREA.,$,#447);
#450=IFCCARTESIANPOINT((0.,0.,0.));
#451=IFCDIRECTION((0.,0.,1.));
#452=IFCDIRECTION((1.,0.,0.));
#453=IFCAXIS2PLACEMENT3D(#450,#451,#452);
#454=IFCEXTRUDEDAREASOLID(#449,#453,#448,3000.);
#455=IFCSHAPEREPRESENTATION(#11,'Body','SweptSolid',(#454));
#456=IFCPRODUCTDEFINITIONSHAPE($,$,(#455));
#457=IFCCARTESIANPOINT((12700.,6000.,0.));
#458=IFCDIRECTION((0.,0.,1.));
#459=IFCDIRECTION((6.123233995736766E-17,1.,0.));
#460=IFCAXIS2PLACEMENT3D(#457,#458,#459);
#461=IFCLOCALPLACEMENT($,#460);
#462=IFCWALL('3m7vhHZhDAHxvtIZnB4Wcs',$,'L00-W026',$,$,#478,#473,$,$);
#463=IFCCARTESIANPOINTLIST2D(((0.,0.),(0.,100.),(5000.,100.),(5000.,0.),(0.,0.)));
#464=IFCINDEXEDPOLYCURVE(#463,$,.F.);
#465=IFCDIRECTION((0.,0.,1.));
#466=IFCARBITRARYCLOSEDPROFILEDEF(.AREA.,$,#464);
#467=IFCCARTESIANPOINT((0.,0.,0.));
#468=IFCDIRECTION((0.,0.,1.));
#469=IFCDIRECTION((1.,0.,0.));
#470=IFCAXIS2PLACEMENT3D(#467,#468,#469);
#471=IFCEXTRUDEDAREASOLID(#466,#470,#465,3000.);
#472=IFCSHAPEREPRESENTATION(#11,'Body','SweptSolid',(#471));
#473=IFCPRODUCTDEFINITIONSHAPE($,$,(#472));
#474=IFCCARTESIANPOINT((14450.,12700.,0.));
#475=IFCDIRECTION((0.,0.,1.));
#476=IFCDIRECTION((6.123233995736766E-17,1.,0.));
#477=IFCAXIS2PLACEMENT3D(#474,#475,#476);
#478=IFCLOCALPLACEMENT($,#477);
#479=IFCWALL('2Hu$cfDtnEYBXijJpTSI8B',$,'L00-W027',$,$,#495,#490,$,$);
#480=IFCCARTESIANPOINTLIST2D(((0.,0.),(0.,100.),(5400.,100.),(5400.,0.),(0.,0.)));
#481=IFCINDEXEDPOLYCURVE(#480,$,.F.);
#482=IFCDIRECTION((0.,0.,1.));
#483=IFCARBITRARYCLOSEDPROFILEDEF(.AREA.,$,#481);
#484=IFCCARTESIANPOINT((0.,0.,0.));
#485=IFCDIRECTION((0.,0.,1.));
#486=IFCDIRECTION((1.,0.,0.));
#487=IFCAXIS2PLACEMENT3D(#484,#485,#486);
#488=IFCEXTRUDEDAREASOLID(#483,#487,#482,3000.);
#489=IFCSHAPEREPRESENTATION(#11,'Body','SweptSolid',(#488));
#490=IFCPRODUCTDEFINITIONSHAPE($,$,(#489));
#491=IFCCARTESIANPOINT((15300.,6000.,0.));
#492=IFCDIRECTION((0.,0.,1.));
#493=IFCDIRECTION((6.123233995736766E-17,1.,0.));
#494=IFCAXIS2PLACEMENT3D(#491,#492,#493);
#495=IFCLOCALPLACEMENT($,#494);
#496=IFCWALL('3uMrMLaabCFeZavCwQQIrF',$,'L00-W028',$,$,#512,#507,$,$);
#497=IFCCARTESIANPOINTLIST2D(((0.,0.),(0.,100.),(5400.,100.),(5400.,0.),(0.,0.)));
#498=IFCINDEXEDPOLYCURVE(#497,$,.F.);
#499=IFCDIRECTION((0.,0.,1.));
#500=IFCARBITRARYCLOSEDPROFILEDEF(.AREA.,$,#498);
#501=IFCCARTESIANPOINT((0.,0.,0.));
#502=IFCDIRECTION((0.,0.,1.));
#503=IFCDIRECTION((1.,0.,0.));
#504=IFCAXIS2PLACEMENT3D(#501,#502,#503);
#505=IFCEXTRUDEDAREASOLID(#500,#504,#499,3000.);
#506=IFCSHAPEREPRESENTATION(#11,'Body','SweptSolid',(#505));
#507=IFCPRODUCTDEFINITIONSHAPE($,$,(#506));
#508=IFCCARTESIANPOINT((17500.,6000.,0.));
#509=IFCDIRECTION((0.,0.,1.));
#510=IFCDIRECTION((6.123233995736766E-17,1.,0.));
#511=IFCAXIS2PLACEMENT3D(#508,#509,#510);
#512=IFCLOCALPLACEMENT($,#511);
#513=IFCWALL('2Zvw8QHi96VP6wSIFqXN45',$,'L00-W029',$,$,#529,#524,$,$);
#514=IFCCARTESIANPOINTLIST2D(((0.,0.),(0.,100.),(5000.,100.),(5000.,0.),(0.,0.)));
#515=IFCINDEXEDPOLYCURVE(#514,$,.F.);
#516=IFCDIRECTION((0.,0.,1.));
#517=IFCARBITRARYCLOSEDPROFILEDEF(.AREA.,$,#515);
#518=IFCCARTESIANPOINT((0.,0.,0.));
#519=IFCDIRECTION((0.,0.,1.));
#520=IFCDIRECTION((1.,0.,0.));
#521=IFCAXIS2PLACEMENT3D(#518,#519,#520);
#522=IFCEXTRUDEDAREASOLID(#517,#521,#516,3000.);
#523=IFCSHAPEREPRESENTATION(#11,'Body','SweptSolid',(#522));
#524=IFCPRODUCTDEFINITIONSHAPE($,$,(#523));
#525=IFCCARTESIANPOINT((18850.,12700.,0.));
#526=IFCDIRECTION((0.,0.,1.));
#527=IFCDIRECTION((6.123233995736766E-17,1.,0.));
#528=IFCAXIS2PLACEMENT3D(#525,#526,#527);
#529=IFCLOCALPLACEMENT($,#528);
#530=IFCWALL('2JzsTqgNr2_QY4eGjCep4$',$,'L00-W030',$,$,#546,#541,$,$);
#531=IFCCARTESIANPOINTLIST2D(((0.,0.),(0.,100.),(5400.,100.),(5400.,0.),(0.,0.)));
#532=IFCINDEXEDPOLYCURVE(#531,$,.F.);
#533=IFCDIRECTION((0.,0.,1.));
#534=IFCARBITRARYCLOSEDPROFILEDEF(.AREA.,$,#532);
#535=IFCCARTESIANPOINT((0.,0.,0.));
#536=IFCDIRECTION((0.,0.,1.));
#537=IFCDIRECTION((1.,0.,0.));
#538=IFCAXIS2PLACEMENT3D(#535,#536,#537);
#539=IFCEXTRUDEDAREASOLID(#534,#538,#533,3000.);
#540=IFCSHAPEREPRESENTATION(#11,'Body','SweptSolid',(#539));
#541=IFCPRODUCTDEFINITIONSHAPE($,$,(#540));
#542=IFCCARTESIANPOINT((20100.,6000.,0.));
#543=IFCDIRECTION((0.,0.,1.));
#544=IFCDIRECTION((6.123233995736766E-17,1.,0.));
#545=IFCAXIS2PLACEMENT3D(#542,#543,#544);
#546=IFCLOCALPLACEMENT($,#545);
#547=IFCWALL('2Tm$W0IrT5Pfgaq6Ango3u',$,'L00-W031',$,$,#563,#558,$,$);
#548=IFCCARTESIANPOINTLIST2D(((0.,0.),(0.,300.),(5400.,300.),(5400.,0.),(0.,0.)));
#549=IFCINDEXEDPOLYCURVE(#548,$,.F.);
#550=IFCDIRECTION((0.,0.,1.));
#551=IFCARBITRARYCLOSEDPROFILEDEF(.AREA.,$,#549);
#552=IFCCARTESIANPOINT((0.,0.,0.));
#553=IFCDIRECTION((0.,0.,1.));
#554=IFCDIRECTION((1.,0.,0.));
#555=IFCAXIS2PLACEMENT3D(#552,#553,#554);
#556=IFCEXTRUDEDAREASOLID(#551,#555,#550,3000.);
#557=IFCSHAPEREPRESENTATION(#11,'Body','SweptSolid',(#556));
#558=IFCPRODUCTDEFINITIONSHAPE($,$,(#557));
#559=IFCCARTESIANPOINT((23750.,6000.,0.));
#560=IFCDIRECTION((0.,0.,1.));
#561=IFCDIRECTION((6.123233995736766E-17,1.,0.));
#562=IFCAXIS2PLACEMENT3D(#559,#560,#561);
#563=IFCLOCALPLACEMENT($,#562);
#564=IFCWALL('1iQy4eWUDEjO$Fw9xfyylm',$,'L00-W032',$,$,#580,#575,$,$);
#565=IFCCARTESIANPOINTLIST2D(((0.,0.),(0.,300.),(1300.,300.),(1300.,0.),(0.,0.)));
#566=IFCINDEXEDPOLYCURVE(#565,$,.F.);
#567=IFCDIRECTION((0.,0.,1.));
#568=IFCARBITRARYCLOSEDPROFILEDEF(.AREA.,$,#566);
#569=IFCCARTESIANPOINT((0.,0.,0.));
#570=IFCDIRECTION((0.,0.,1.));
#571=IFCDIRECTION((1.,0.,0.));
#572=IFCAXIS2PLACEMENT3D(#569,#570,#571);
#573=IFCEXTRUDEDAREASOLID(#568,#572,#567,3000.);
#574=IFCSHAPEREPRESENTATION(#11,'Body','SweptSolid',(#573));
#575=IFCPRODUCTDEFINITIONSHAPE($,$,(#574));
#576=IFCCARTESIANPOINT((23750.,11400.,0.));
#577=IFCDIRECTION((0.,0.,1.));
#578=IFCDIRECTION((6.123233995736766E-17,1.,0.));
#579=IFCAXIS2PLACEMENT3D(#576,#577,#578);
#580=IFCLOCALPLACEMENT($,#579);
#581=IFCWALL('3RzcDHoJj7SfFa$J8BWA8h',$,'L00-W033',$,$,#597,#592,$,$);
#582=IFCCARTESIANPOINTLIST2D(((0.,0.),(0.,300.),(5000.,300.),(5000.,0.),(0.,0.)));
#583=IFCINDEXEDPOLYCURVE(#582,$,.F.);
#584=IFCDIRECTION((0.,0.,1.));
#585=IFCARBITRARYCLOSEDPROFILEDEF(.AREA.,$,#583);
#586=IFCCARTESIANPOINT((0.,0.,0.));
#587=IFCDIRECTION((0.,0.,1.));
#588=IFCDIRECTION((1.,0.,0.));
#589=IFCAXIS2PLACEMENT3D(#586,#587,#588);
#590=IFCEXTRUDEDAREASOLID(#585,#589,#584,3000.);
#591=IFCSHAPEREPRESENTATION(#11,'Body','SweptSolid',(#590));
#592=IFCPRODUCTDEFINITIONSHAPE($,$,(#591));
#593=IFCCARTESIANPOINT((23750.,12700.,0.));
#594=IFCDIRECTION((0.,0.,1.));
#595=IFCDIRECTION((6.123233995736766E-17,1.,0.));
#596=IFCAXIS2PLACEMENT3D(#593,#594,#595);
#597=IFCLOCALPLACEMENT($,#596);
#598=IFCWALL('0NRowqBLr9SPxu0ekzikpu',$,'L01-W000',$,$,#615,#610,$,$);
#599=IFCRELCONTAINEDINSPATIALSTRUCTURE('0zZsviXI10ew3bPo$x$HPh',$,$,$,(#1973,#1007,#888,#1898,#701,#1024,#837,#650,#769,#956,#1823,#718,#1748,#2023,#1673,#905,#786,#1948,#1041,#1873,#973,#854,#667,#735,#1798,#922,#803,#616,#1723,#598,#1998,#1648,#1923,#990,#871,#684,#752,#1058,#1848,#939,#820,#633,#1773,#2048,#1698),#18);
#600=IFCCARTESIANPOINTLIST2D(((0.,0.),(0.,300.),(2600.,300.),(2600.,0.),(0.,0.)));
#601=IFCINDEXEDPOLYCURVE(#600,$,.F.);
#602=IFCDIRECTION((0.,0.,1.));
#603=IFCARBITRARYCLOSEDPROFILEDEF(.AREA.,$,#601);
#604=IFCCARTESIANPOINT((0.,0.,0.));
#605=IFCDIRECTION((0.,0.,1.));
#606=IFCDIRECTION((1.,0.,0.));
#607=IFCAXIS2PLACEMENT3D(#604,#605,#606);
#608=IFCEXTRUDEDAREASOLID(#603,#607,#602,3000.);
#609=IFCSHAPEREPRESENTATION(#11,'Body','SweptSolid',(#608));
#610=IFCPRODUCTDEFINITIONSHAPE($,$,(#609));
#611=IFCCARTESIANPOINT((6400.,5850.,3300.));
#612=IFCDIRECTION((0.,0.,1.));
#613=IFCDIRECTION((1.,0.,0.));
#614=IFCAXIS2PLACEMENT3D(#611,#612,#613);
#615=IFCLOCALPLACEMENT($,#614);
#616=IFCWALL('08ZIspeXX5P97rocpKuWJg',$,'L01-W001',$,$,#632,#627,$,$);
#617=IFCCARTESIANPOINTLIST2D(((0.,0.),(0.,300.),(1800.,300.),(1800.,0.),(0.,0.)));
#618=IFCINDEXEDPOLYCURVE(#617,$,.F.);
#619=IFCDIRECTION((0.,0.,1.));
#620=IFCARBITRARYCLOSEDPROFILEDEF(.AREA.,$,#618);
#621=IFCCARTESIANPOINT((0.,0.,0.));
#622=IFCDIRECTION((0.,0.,1.));
#623=IFCDIRECTION((1.,0.,0.));
#624=IFCAXIS2PLACEMENT3D(#621,#622,#623);
#625=IFCEXTRUDEDAREASOLID(#620,#624,#619,3000.);
#626=IFCSHAPEREPRESENTATION(#11,'Body','SweptSolid',(#625));
#627=IFCPRODUCTDEFINITIONSHAPE($,$,(#626));
#628=IFCCARTESIANPOINT((9000.,5850.,3300.));
#629=IFCDIRECTION((0.,0.,1.));
#630=IFCDIRECTION((1.,0.,0.));
#631=IFCAXIS2PLACEMENT3D(#628,#629,#630);
#632=IFCLOCALPLACEMENT($,#631);
#633=IFCWALL('0ThDcNggL9wekehE1ozMaL',$,'L01-W002',$,$,#649,#644,$,$);
#634=IFCCARTESIANPOINTLIST2D(((0.,0.),(0.,300.),(1850.,300.),(1850.,0.),(0.,0.)));
#635=IFCINDEXEDPOLYCURVE(#634,$,.F.);
#636=IFCDIRECTION((0.,0.,1.));
#637=IFCARBITRARYCLOSEDPROFILEDEF(.AREA.,$,#635);
#638=IFCCARTESIANPOINT((0.,0.,0.));
#639=IFCDIRECTION((0.,0.,1.));
#640=IFCDIRECTION((1.,0.,0.));
#641=IFCAXIS2PLACEMENT3D(#638,#639,#640);
#642=IFCEXTRUDEDAREASOLID(#637,#641,#636,3000.);
#643=IFCSHAPEREPRESENTATION(#11,'Body','SweptSolid',(#642));
#644=IFCPRODUCTDEFINITIONSHAPE($,$,(#643));
#645=IFCCARTESIANPOINT((10800.,5850.,3300.));
#646=IFCDIRECTION((0.,0.,1.));
#647=IFCDIRECTION((1.,0.,0.));
#648=IFCAXIS2PLACEMENT3D(#645,#646,#647);
#649=IFCLOCALPLACEMENT($,#648);
#650=IFCWALL('2XvBhM3yz3Nec3zHrEebKj',$,'L01-W003',$,$,#666,#661,$,$);
#651=IFCCARTESIANPOINTLIST2D(((0.,0.),(0.,300.),(1850.,300.),(1850.,0.),(0.,0.)));
#652=IFCINDEXEDPOLYCURVE(#651,$,.F.);
#653=IFCDIRECTION((0.,0.,1.));
#654=IFCARBITRARYCLOSEDPROFILEDEF(.AREA.,$,#652);
#655=IFCCARTESIANPOINT((0.,0.,0.));
#656=IFCDIRECTION((0.,0.,1.));
#657=IFCDIRECTION((1.,0.,0.));
#658=IFCAXIS2PLACEMENT3D(#655,#656,#657);
#659=IFCEXTRUDEDAREASOLID(#654,#658,#653,3000.);
#660=IFCSHAPEREPRESENTATION(#11,'Body','SweptSolid',(#659));
#661=IFCPRODUCTDEFINITIONSHAPE($,$,(#660));
#662=IFCCARTESIANPOINT((12650.,5850.,3300.));
#663=IFCDIRECTION((0.,0.,1.));
#664=IFCDIRECTION((1.,0.,0.));
#665=IFCAXIS2PLACEMENT3D(#662,#663,#664);
#666=IFCLOCALPLACEMENT($,#665);
#667=IFCWALL('190WAlHOb4KQcqqsbZD1DJ',$,'L01-W004',$,$,#683,#678,$,$);
#668=IFCCARTESIANPOINTLIST2D(((0.,0.),(0.,300.),(4450.,300.),(4450.,0.),(0.,0.)));
#669=IFCINDEXEDPOLYCURVE(#668,$,.F.);
#670=IFCDIRECTION((0.,0.,1.));
#671=IFCARBITRARYCLOSEDPROFILEDEF(.AREA.,$,#669);
#672=IFCCARTESIANPOINT((0.,0.,0.));
#673=IFCDIRECTION((0.,0.,1.));
#674=IFCDIRECTION((1.,0.,0.));
#675=IFCAXIS2PLACEMENT3D(#672,#673,#674);
#676=IFCEXTRUDEDAREASOLID(#671,#675,#670,3000.);
#677=IFCSHAPEREPRESENTATION(#11,'Body','SweptSolid',(#676));
#678=IFCPRODUCTDEFINITIONSHAPE($,$,(#677));
#679=IFCCARTESIANPOINT((14500.,5850.,3300.));
#680=IFCDIRECTION((0.,0.,1.));
#681=IFCDIRECTION((1.,0.,0.));
#682=IFCAXIS2PLACEMENT3D(#679,#680,#681);
#683=IFCLOCALPLACEMENT($,#682);
#684=IFCWALL('1XkA1WR8D4v98V6r27cr0q',$,'L01-W005',$,$,#700,#695,$,$);
#685=IFCCARTESIANPOINTLIST2D(((0.,0.),(0.,100.),(2600.,100.),(2600.,0.),(0.,0.)));
#686=IFCINDEXEDPOLYCURVE(#685,$,.F.);
#687=IFCDIRECTION((0.,0.,1.));
#688=IFCARBITRARYCLOSEDPROFILEDEF(.AREA.,$,#686);
#689=IFCCARTESIANPOINT((0.,0.,0.));
#690=IFCDIRECTION((0.,0.,1.));
#691=IFCDIRECTION((1.,0.,0.));
#692=IFCAXIS2PLACEMENT3D(#689,#690,#691);
#693=IFCEXTRUDEDAREASOLID(#688,#692,#687,3000.);
#694=IFCSHAPEREPRESENTATION(#11,'Body','SweptSolid',(#693));
#695=IFCPRODUCTDEFINITIONSHAPE($,$,(#694));
#696=IFCCARTESIANPOINT((6400.,11350.,3300.));
#697=IFCDIRECTION((0.,0.,1.));
#698=IFCDIRECTION((1.,0.,0.));
#699=IFCAXIS2PLACEMENT3D(#696,#697,#698);
#700=IFCLOCALPLACEMENT($,#699);
#701=IFCWALL('0hbITlkTj4ABJb_yesRsaK',$,'L01-W006',$,$,#717,#712,$,$);
#702=IFCCARTESIANPOINTLIST2D(((0.,0.),(0.,100.),(1800.,100.),(1800.,0.),(0.,0.)));
#703=IFCINDEXEDPOLYCURVE(#702,$,.F.);
#704=IFCDIRECTION((0.,0.,1.));
#705=IFCARBITRARYCLOSEDPROFILEDEF(.AREA.,$,#703);
#706=IFCCARTESIANPOINT((0.,0.,0.));
#707=IFCDIRECTION((0.,0.,1.));
#708=IFCDIRECTION((1.,0.,0.));
#709=IFCAXIS2PLACEMENT3D(#706,#707,#708);
#710=IFCEXTRUDEDAREASOLID(#705,#709,#704,3000.);
#711=IFCSHAPEREPRESENTATION(#11,'Body','SweptSolid',(#710));
#712=IFCPRODUCTDEFINITIONSHAPE($,$,(#711));
#713=IFCCARTESIANPOINT((9000.,11350.,3300.));
#714=IFCDIRECTION((0.,0.,1.));
#715=IFCDIRECTION((1.,0.,0.));
#716=IFCAXIS2PLACEMENT3D(#713,#714,#715);
#717=IFCLOCALPLACEMENT($,#716);
#718=IFCWALL('2_1XE6$vL6GAkT_5eZhv4F',$,'L01-W007',$,$,#734,#729,$,$);
#719=IFCCARTESIANPOINTLIST2D(((0.,0.),(0.,100.),(1850.,100.),(1850.,0.),(0.,0.)));
#720=IFCINDEXEDPOLYCURVE(#719,$,.F.);
#721=IFCDIRECTION((0.,0.,1.));
#722=IFCARBITRARYCLOSEDPROFILEDEF(.AREA.,$,#720);
#723=IFCCARTESIANPOINT((0.,0.,0.));
#724=IFCDIRECTION((0.,0.,1.));
#725=IFCDIRECTION((1.,0.,0.));
#726=IFCAXIS2PLACEMENT3D(#723,#724,#725);
#727=IFCEXTRUDEDAREASOLID(#722,#726,#721,3000.);
#728=IFCSHAPEREPRESENTATION(#11,'Body','SweptSolid',(#727));
#729=IFCPRODUCTDEFINITIONSHAPE($,$,(#728));
#730=IFCCARTESIANPOINT((10800.,11350.,3300.));
#731=IFCDIRECTION((0.,0.,1.));
#732=IFCDIRECTION((1.,0.,0.));
#733=IFCAXIS2PLACEMENT3D(#730,#731,#732);
#734=IFCLOCALPLACEMENT($,#733);
#735=IFCWALL('2x17TRp5rE$giPDigvVbk0',$,'L01-W008',$,$,#751,#746,$,$);
#736=IFCCARTESIANPOINTLIST2D(((0.,0.),(0.,100.),(1850.,100.),(1850.,0.),(0.,0.)));
#737=IFCINDEXEDPOLYCURVE(#736,$,.F.);
#738=IFCDIRECTION((0.,0.,1.));
#739=IFCARBITRARYCLOSEDPROFILEDEF(.AREA.,$,#737);
#740=IFCCARTESIANPOINT((0.,0.,0.));
#741=IFCDIRECTION((0.,0.,1.));
#742=IFCDIRECTION((1.,0.,0.));
#743=IFCAXIS2PLACEMENT3D(#740,#741,#742);
#744=IFCEXTRUDEDAREASOLID(#739,#743,#738,3000.);
#745=IFCSHAPEREPRESENTATION(#11,'Body','SweptSolid',(#744));
#746=IFCPRODUCTDEFINITIONSHAPE($,$,(#745));
#747=IFCCARTESIANPOINT((12650.,11350.,3300.));
#748=IFCDIRECTION((0.,0.,1.));
#749=IFCDIRECTION((1.,0.,0.));
#750=IFCAXIS2PLACEMENT3D(#747,#748,#749);
#751=IFCLOCALPLACEMENT($,#750);
#752=IFCWALL('3KueymTM1B_9kM7pyliaqb',$,'L01-W009',$,$,#768,#763,$,$);
#753=IFCCARTESIANPOINTLIST2D(((0.,0.),(0.,100.),(4450.,100.),(4450.,0.),(0.,0.)));
#754=IFCINDEXEDPOLYCURVE(#753,$,.F.);
#755=IFCDIRECTION((0.,0.,1.));
#756=IFCARBITRARYCLOSEDPROFILEDEF(.AREA.,$,#754);
#757=IFCCARTESIANPOINT((0.,0.,0.));
#758=IFCDIRECTION((0.,0.,1.));
#759=IFCDIRECTION((1.,0.,0.));
#760=IFCAXIS2PLACEMENT3D(#757,#758,#759);
#761=IFCEXTRUDEDAREASOLID(#756,#760,#755,3000.);
#762=IFCSHAPEREPRESENTATION(#11,'Body','SweptSolid',(#761));
#763=IFCPRODUCTDEFINITIONSHAPE($,$,(#762));
#764=IFCCARTESIANPOINT((14500.,11350.,3300.));
#765=IFCDIRECTION((0.,0.,1.));
#766=IFCDIRECTION((1.,0.,0.));
#767=IFCAXIS2PLACEMENT3D(#764,#765,#766);
#768=IFCLOCALPLACEMENT($,#767);
#769=IFCWALL('0_yuHQVU13ixW8yTU0byPD',$,'L01-W010',$,$,#785,#780,$,$);
#770=IFCCARTESIANPOINTLIST2D(((0.,0.),(0.,100.),(4800.,100.),(4800.,0.),(0.,0.)));
#771=IFCINDEXEDPOLYCURVE(#770,$,.F.);
#772=IFCDIRECTION((0.,0.,1.));
#773=IFCARBITRARYCLOSEDPROFILEDEF(.AREA.,$,#771);
#774=IFCCARTESIANPOINT((0.,0.,0.));
#775=IFCDIRECTION((0.,0.,1.));
#776=IFCDIRECTION((1.,0.,0.));
#777=IFCAXIS2PLACEMENT3D(#774,#775,#776);
#778=IFCEXTRUDEDAREASOLID(#773,#777,#772,3000.);
#779=IFCSHAPEREPRESENTATION(#11,'Body','SweptSolid',(#778));
#780=IFCPRODUCTDEFINITIONSHAPE($,$,(#779));
#781=IFCCARTESIANPOINT((6400.,12650.,3300.));
#782=IFCDIRECTION((0.,0.,1.));
#783=IFCDIRECTION((1.,0.,0.));
#784=IFCAXIS2PLACEMENT3D(#781,#782,#783);
#785=IFCLOCALPLACEMENT($,#784);
#786=IFCWALL('0OcDdppVz4Tv_HU$zkQq2O',$,'L01-W011',$,$,#802,#797,$,$);
#787=IFCCARTESIANPOINTLIST2D(((0.,0.),(0.,100.),(3600.,100.),(3600.,0.),(0.,0.)));
#788=IFCINDEXEDPOLYCURVE(#787,$,.F.);
#789=IFCDIRECTION((0.,0.,1.));
#790=IFCARBITRARYCLOSEDPROFILEDEF(.AREA.,$,#788);
#791=IFCCARTESIANPOINT((0.,0.,0.));
#792=IFCDIRECTION((0.,0.,1.));
#793=IFCDIRECTION((1.,0.,0.));
#794=IFCAXIS2PLACEMENT3D(#791,#792,#793);
#795=IFCEXTRUDEDAREASOLID(#790,#794,#789,3000.);
#796=IFCSHAPEREPRESENTATION(#11,'Body','SweptSolid',(#795));
#797=IFCPRODUCTDEFINITIONSHAPE($,$,(#796));
#798=IFCCARTESIANPOINT((11200.,12650.,3300.));
#799=IFCDIRECTION((0.,0.,1.));
#800=IFCDIRECTION((1.,0.,0.));
#801=IFCAXIS2PLACEMENT3D(#798,#799,#800);
#802=IFCLOCALPLACEMENT($,#801);
#803=IFCWALL('1A8LTIJzf7JQ6QMmcGftRn',$,'L01-W012',$,$,#819,#814,$,$);
#804=IFCCARTESIANPOINTLIST2D(((0.,0.),(0.,100.),(4150.,100.),(4150.,0.),(0.,0.)));
#805=IFCINDEXEDPOLYCURVE(#804,$,.F.);
#806=IFCDIRECTION((0.,0.,1.));
#807=IFCARBITRARYCLOSEDPROFILEDEF(.AREA.,$,#805);
#808=IFCCARTESIANPOINT((0.,0.,0.));
#809=IFCDIRECTION((0.,0.,1.));
#810=IFCDIRECTION((1.,0.,0.));
#811=IFCAXIS2PLACEMENT3D(#808,#809,#810);
#812=IFCEXTRUDEDAREASOLID(#807,#811,#806,3000.);
#813=IFCSHAPEREPRESENTATION(#11,'Body','SweptSolid',(#812));
#814=IFCPRODUCTDEFINITIONSHAPE($,$,(#813));
#815=IFCCARTESIANPOINT((14800.,12650.,3300.));
#816=IFCDIRECTION((0.,0.,1.));
#817=IFCDIRECTION((1.,0.,0.));
#818=IFCAXIS2PLACEMENT3D(#815,#816,#817);
#819=IFCLOCALPLACEMENT($,#818);
#820=IFCWALL('1VB7eRzk14j9pOKMlUrb0i',$,'L01-W013',$,$,#836,#831,$,$);
#821=IFCCARTESIANPOINTLIST2D(((0.,0.),(0.,300.),(4800.,300.),(4800.,0.),(0.,0.)));
#822=IFCINDEXEDPOLYCURVE(#821,$,.F.);
#823=IFCDIRECTION((0.,0.,1.));
#824=IFCARBITRARYCLOSEDPROFILEDEF(.AREA.,$,#822);
#825=IFCCARTESIANPOINT((0.,0.,0.));
#826=IFCDIRECTION((0.,0.,1.));
#827=IFCDIRECTION((1.,0.,0.));
#828=IFCAXIS2PLACEMENT3D(#825,#826,#827);
#829=IFCEXTRUDEDAREASOLID(#824,#828,#823,3000.);
#830=IFCSHAPEREPRESENTATION(#11,'Body','SweptSolid',(#829));
#831=IFCPRODUCTDEFINITIONSHAPE($,$,(#830));
#832=IFCCARTESIANPOINT((6400.,17550.,3300.));
#833=IFCDIRECTION((0.,0.,1.));
#834=IFCDIRECTION((1.,0.,0.));
#835=IFCAXIS2PLACEMENT3D(#832,#833,#834);
#836=IFCLOCALPLACEMENT($,#835);
#837=IFCWALL('0vtrlHJirB9fya1dwiloCX',$,'L01-W014',$,$,#853,#848,$,$);
#838=IFCCARTESIANPOINTLIST2D(((0.,0.),(0.,300.),(3600.,300.),(3600.,0.),(0.,0.)));
#839=IFCINDEXEDPOLYCURVE(#838,$,.F.);
#840=IFCDIRECTION((0.,0.,1.));
#841=IFCARBITRARYCLOSEDPROFILEDEF(.AREA.,$,#839);
#842=IFCCARTESIANPOINT((0.,0.,0.));
#843=IFCDIRECTION((0.,0.,1.));
#844=IFCDIRECTION((1.,0.,0.));
#845=IFCAXIS2PLACEMENT3D(#842,#843,#844);
#846=IFCEXTRUDEDAREASOLID(#841,#845,#840,3000.);
#847=IFCSHAPEREPRESENTATION(#11,'Body','SweptSolid',(#846));
#848=IFCPRODUCTDEFINITIONSHAPE($,$,(#847));
#849=IFCCARTESIANPOINT((11200.,17550.,3300.));
#850=IFCDIRECTION((0.,0.,1.));
#851=IFCDIRECTION((1.,0.,0.));
#852=IFCAXIS2PLACEMENT3D(#849,#850,#851);
#853=IFCLOCALPLACEMENT($,#852);
#854=IFCWALL('0a6NkAeyDAXxodL6MoVCFw',$,'L01-W015',$,$,#870,#865,$,$);
#855=IFCCARTESIANPOINTLIST2D(((0.,0.),(0.,300.),(4150.,300.),(4150.,0.),(0.,0.)));
#856=IFCINDEXEDPOLYCURVE(#855,$,.F.);
#857=IFCDIRECTION((0.,0.,1.));
#858=IFCARBITRARYCLOSEDPROFILEDEF(.AREA.,$,#856);
#859=IFCCARTESIANPOINT((0.,0.,0.));
#860=IFCDIRECTION((0.,0.,1.));
#861=IFCDIRECTION((1.,0.,0.));
#862=IFCAXIS2PLACEMENT3D(#859,#860,#861);
#863=IFCEXTRUDEDAREASOLID(#858,#862,#857,3000.);
#864=IFCSHAPEREPRESENTATION(#11,'Body','SweptSolid',(#863));
#865=IFCPRODUCTDEFINITIONSHAPE($,$,(#864));
#866=IFCCARTESIANPOINT((14800.,17550.,3300.));
#867=IFCDIRECTION((0.,0.,1.));
#868=IFCDIRECTION((1.,0.,0.));
#869=IFCAXIS2PLACEMENT3D(#866,#867,#868);
#870=IFCLOCALPLACEMENT($,#869);
#871=IFCWALL('3u0xnIj2965Ra3WhQagXOO',$,'L01-W016',$,$,#887,#882,$,$);
#872=IFCCARTESIANPOINTLIST2D(((0.,0.),(0.,300.),(5400.,300.),(5400.,0.),(0.,0.)));
#873=IFCINDEXEDPOLYCURVE(#872,$,.F.);
#874=IFCDIRECTION((0.,0.,1.));
#875=IFCARBITRARYCLOSEDPROFILEDEF(.AREA.,$,#873);
#876=IFCCARTESIANPOINT((0.,0.,0.));
#877=IFCDIRECTION((0.,0.,1.));
#878=IFCDIRECTION((1.,0.,0.));
#879=IFCAXIS2PLACEMENT3D(#876,#877,#878);
#880=IFCEXTRUDEDAREASOLID(#875,#879,#874,3000.);
#881=IFCSHAPEREPRESENTATION(#11,'Body','SweptSolid',(#880));
#882=IFCPRODUCTDEFINITIONSHAPE($,$,(#881));
#883=IFCCARTESIANPOINT((6550.,6000.,3300.));
#884=IFCDIRECTION((0.,0.,1.));
#885=IFCDIRECTION((6.123233995736766E-17,1.,0.));
#886=IFCAXIS2PLACEMENT3D(#883,#884,#885);
#887=IFCLOCALPLACEMENT($,#886);
#888=IFCWALL('2$ncjWTWrDOR3Rg2r5sL$_',$,'L01-W017',$,$,#904,#899,$,$);
#889=IFCCARTESIANPOINTLIST2D(((0.,0.),(0.,300.),(1300.,300.),(1300.,0.),(0.,0.)));
#890=IFCINDEXEDPOLYCURVE(#889,$,.F.);
#891=IFCDIRECTION((0.,0.,1.));
#892=IFCARBITRARYCLOSEDPROFILEDEF(.AREA.,$,#890);
#893=IFCCARTESIANPOINT((0.,0.,0.));
#894=IFCDIRECTION((0.,0.,1.));
#895=IFCDIRECTION((1.,0.,0.));
#896=IFCAXIS2PLACEMENT3D(#893,#894,#895);
#897=IFCEXTRUDEDAREASOLID(#892,#896,#891,3000.);
#898=IFCSHAPEREPRESENTATION(#11,'Body','SweptSolid',(#897));
#899=IFCPRODUCTDEFINITIONSHAPE($,$,(#898));
#900=IFCCARTESIANPOINT((6550.,11400.,3300.));
#901=IFCDIRECTION((0.,0.,1.));
#902=IFCDIRECTION((6.123233995736766E-17,1.,0.));
#903=IFCAXIS2PLACEMENT3D(#900,#901,#902);
#904=IFCLOCALPLACEMENT($,#903);
#905=IFCWALL('0uvVXURyf8$uj2K9XR$YOs',$,'L01-W018',$,$,#921,#916,$,$);
#906=IFCCARTESIANPOINTLIST2D(((0.,0.),(0.,300.),(5000.,300.),(5000.,0.),(0.,0.)));
#907=IFCINDEXEDPOLYCURVE(#906,$,.F.);
#908=IFCDIRECTION((0.,0.,1.));
#909=IFCARBITRARYCLOSEDPROFILEDEF(.AREA.,$,#907);
#910=IFCCARTESIANPOINT((0.,0.,0.));
#911=IFCDIRECTION((0.,0.,1.));
#912=IFCDIRECTION((1.,0.,0.));
#913=IFCAXIS2PLACEMENT3D(#910,#911,#912);
#914=IFCEXTRUDEDAREASOLID(#909,#913,#908,3000.);
#915=IFCSHAPEREPRESENTATION(#11,'Body','SweptSolid',(#914));
#916=IFCPRODUCTDEFINITIONSHAPE($,$,(#915));
#917=IFCCARTESIANPOINT((6550.,12700.,3300.));
#918=IFCDIRECTION((0.,0.,1.));
#919=IFCDIRECTION((6.123233995736766E-17,1.,0.));
#920=IFCAXIS2PLACEMENT3D(#917,#918,#919);
#921=IFCLOCALPLACEMENT($,#920);
#922=IFCWALL('1dv_m_O816zBVYTLOMLF1Y',$,'L01-W019',$,$,#938,#933,$,$);
#923=IFCCARTESIANPOINTLIST2D(((0.,0.),(0.,100.),(5400.,100.),(5400.,0.),(0.,0.)));
#924=IFCINDEXEDPOLYCURVE(#923,$,.F.);
#925=IFCDIRECTION((0.,0.,1.));
#926=IFCARBITRARYCLOSEDPROFILEDEF(.AREA.,$,#924);
#927=IFCCARTESIANPOINT((0.,0.,0.));
#928=IFCDIRECTION((0.,0.,1.));
#929=IFCDIRECTION((1.,0.,0.));
#930=IFCAXIS2PLACEMENT3D(#927,#928,#929);
#931=IFCEXTRUDEDAREASOLID(#926,#930,#925,3000.);
#932=IFCSHAPEREPRESENTATION(#11,'Body','SweptSolid',(#931));
#933=IFCPRODUCTDEFINITIONSHAPE($,$,(#932));
#934=IFCCARTESIANPOINT((9050.,6000.,3300.));
#935=IFCDIRECTION((0.,0.,1.));
#936=IFCDIRECTION((6.123233995736766E-17,1.,0.));
#937=IFCAXIS2PLACEMENT3D(#934,#935,#936);
#938=IFCLOCALPLACEMENT($,#937);
#939=IFCWALL('09aSWm9ZP4Mfh$RR2rj7Jn',$,'L01-W020',$,$,#955,#950,$,$);
#940=IFCCARTESIANPOINTLIST2D(((0.,0.),(0.,100.),(5400.,100.),(5400.,0.),(0.,0.)));
#941=IFCINDEXEDPOLYCURVE(#940,$,.F.);
#942=IFCDIRECTION((0.,0.,1.));
#943=IFCARBITRARYCLOSEDPROFILEDEF(.AREA.,$,#941);
#944=IFCCARTESIANPOINT((0.,0.,0.));
#945=IFCDIRECTION((0.,0.,1.));
#946=IFCDIRECTION((1.,0.,0.));
#947=IFCAXIS2PLACEMENT3D(#944,#945,#946);
#948=IFCEXTRUDEDAREASOLID(#943,#947,#942,3000.);
#949=IFCSHAPEREPRESENTATION(#11,'Body','SweptSolid',(#948));
#950=IFCPRODUCTDEFINITIONSHAPE($,$,(#949));
#951=IFCCARTESIANPOINT((10850.,6000.,3300.));
#952=IFCDIRECTION((0.,0.,1.));
#953=IFCDIRECTION((6.123233995736766E-17,1.,0.));
#954=IFCAXIS2PLACEMENT3D(#951,#952,#953);
#955=IFCLOCALPLACEMENT($,#954);
#956=IFCWALL('0jLHMa$ov0$8Im$nCap5Xr',$,'L01-W021',$,$,#972,#967,$,$);
#957=IFCCARTESIANPOINTLIST2D(((0.,0.),(0.,100.),(5000.,100.),(5000.,0.),(0.,0.)));
#958=IFCINDEXEDPOLYCURVE(#957,$,.F.);
#959=IFCDIRECTION((0.,0.,1.));
#960=IFCARBITRARYCLOSEDPROFILEDEF(.AREA.,$,#958);
#961=IFCCARTESIANPOINT((0.,0.,0.));
#962=IFCDIRECTION((0.,0.,1.));
#963=IFCDIRECTION((1.,0.,0.));
#964=IFCAXIS2PLACEMENT3D(#961,#962,#963);
#965=IFCEXTRUDEDAREASOLID(#960,#964,#959,3000.);
#966=IFCSHAPEREPRESENTATION(#11,'Body','SweptSolid',(#965));
#967=IFCPRODUCTDEFINITIONSHAPE($,$,(#966));
#968=IFCCARTESIANPOINT((11250.,12700.,3300.));
#969=IFCDIRECTION((0.,0.,1.));
#970=IFCDIRECTION((6.123233995736766E-17,1.,0.));
#971=IFCAXIS2PLACEMENT3D(#968,#969,#970);
#972=IFCLOCALPLACEMENT($,#971);
#973=IFCWALL('3Q16ucUVfCrfsc9Nh6umZY',$,'L01-W022',$,$,#989,#984,$,$);
#974=IFCCARTESIANPOINTLIST2D(((0.,0.),(0.,100.),(5400.,100.),(5400.,0.),(0.,0.)));
#975=IFCINDEXEDPOLYCURVE(#974,$,.F.);
#976=IFCDIRECTION((0.,0.,1.));
#977=IFCARBITRARYCLOSEDPROFILEDEF(.AREA.,$,#975);
#978=IFCCARTESIANPOINT((0.,0.,0.));
#979=IFCDIRECTION((0.,0.,1.));
#980=IFCDIRECTION((1.,0.,0.));
#981=IFCAXIS2PLACEMENT3D(#978,#979,#980);
#982=IFCEXTRUDEDAREASOLID(#977,#981,#976,3000.);
#983=IFCSHAPEREPRESENTATION(#11,'Body','SweptSolid',(#982));
#984=IFCPRODUCTDEFINITIONSHAPE($,$,(#983));
#985=IFCCARTESIANPOINT((12700.,6000.,3300.));
#986=IFCDIRECTION((0.,0.,1.));
#987=IFCDIRECTION((6.123233995736766E-17,1.,0.));
#988=IFCAXIS2PLACEMENT3D(#985,#986,#987);
#989=IFCLOCALPLACEMENT($,#988);
#990=IFCWALL('3AuATzIrnCmQMuIbPKJ5oU',$,'L01-W023',$,$,#1006,#1001,$,$);
#991=IFCCARTESIANPOINTLIST2D(((0.,0.),(0.,100.),(5400.,100.),(5400.,0.),(0.,0.)));
#992=IFCINDEXEDPOLYCURVE(#991,$,.F.);
#993=IFCDIRECTION((0.,0.,1.));
#994=IFCARBITRARYCLOSEDPROFILEDEF(.AREA.,$,#992);
#995=IFCCARTESIANPOINT((0.,0.,0.));
#996=IFCDIRECTION((0.,0.,1.));
#997=IFCDIRECTION((1.,0.,0.));
#998=IFCAXIS2PLACEMENT3D(#995,#996,#997);
#999=IFCEXTRUDEDAREASOLID(#994,#998,#993,3000.);
#1000=IFCSHAPEREPRESENTATION(#11,'Body','SweptSolid',(#999));
#1001=IFCPRODUCTDEFINITIONSHAPE($,$,(#1000));
#1002=IFCCARTESIANPOINT((14550.,6000.,3300.));
#1003=IFCDIRECTION((0.,0.,1.));
#1004=IFCDIRECTION((6.123233995736766E-17,1.,0.));
#1005=IFCAXIS2PLACEMENT3D(#1002,#1003,#1004);
#1006=IFCLOCALPLACEMENT($,#1005);
#1007=IFCWALL('0DL3JxL_b2uPSyBx2LFUnO',$,'L01-W024',$,$,#1023,#1018,$,$);
#1008=IFCCARTESIANPOINTLIST2D(((0.,0.),(0.,100.),(5000.,100.),(5000.,0.),(0.,0.)));
#1009=IFCINDEXEDPOLYCURVE(#1008,$,.F.);
#1010=IFCDIRECTION((0.,0.,1.));
#1011=IFCARBITRARYCLOSEDPROFILEDEF(.AREA.,$,#1009);
#1012=IFCCARTESIANPOINT((0.,0.,0.));
#1013=IFCDIRECTION((0.,0.,1.));
#1014=IFCDIRECTION((1.,0.,0.));
#1015=IFCAXIS2PLACEMENT3D(#1012,#1013,#1014);
#1016=IFCEXTRUDEDAREASOLID(#1011,#1015,#1010,3000.);
#1017=IFCSHAPEREPRESENTATION(#11,'Body','SweptSolid',(#1016));
#1018=IFCPRODUCTDEFINITIONSHAPE($,$,(#1017));
#1019=IFCCARTESIANPOINT((14850.,12700.,3300.));
#1020=IFCDIRECTION((0.,0.,1.));
#1021=IFCDIRECTION((6.123233995736766E-17,1.,0.));
#1022=IFCAXIS2PLACEMENT3D(#1019,#1020,#1021);
#1023=IFCLOCALPLACEMENT($,#1022);
#1024=IFCWALL('2zsx44u5jEbxGOjhuw4HsB',$,'L01-W025',$,$,#1040,#1035,$,$);
#1025=IFCCARTESIANPOINTLIST2D(((0.,0.),(0.,300.),(5400.,300.),(5400.,0.),(0.,0.)));
#1026=IFCINDEXEDPOLYCURVE(#1025,$,.F.);
#1027=IFCDIRECTION((0.,0.,1.));
#1028=IFCARBITRARYCLOSEDPROFILEDEF(.AREA.,$,#1026);
#1029=IFCCARTESIANPOINT((0.,0.,0.));
#1030=IFCDIRECTION((0.,0.,1.));
#1031=IFCDIRECTION((1.,0.,0.));
#1032=IFCAXIS2PLACEMENT3D(#1029,#1030,#1031);
#1033=IFCEXTRUDEDAREASOLID(#1028,#1032,#1027,3000.);
#1034=IFCSHAPEREPRESENTATION(#11,'Body','SweptSolid',(#1033));
#1035=IFCPRODUCTDEFINITIONSHAPE($,$,(#1034));
#1036=IFCCARTESIANPOINT((19100.,6000.,3300.));
#1037=IFCDIRECTION((0.,0.,1.));
#1038=IFCDIRECTION((6.123233995736766E-17,1.,0.));
#1039=IFCAXIS2PLACEMENT3D(#1036,#1037,#1038);
#1040=IFCLOCALPLACEMENT($,#1039);
#1041=IFCWALL('3gvy681N96g8jamwcYcgoD',$,'L01-W026',$,$,#1057,#1052,$,$);
#1042=IFCCARTESIANPOINTLIST2D(((0.,0.),(0.,300.),(1300.,300.),(1300.,0.),(0.,0.)));
#1043=IFCINDEXEDPOLYCURVE(#1042,$,.F.);
#1044=IFCDIRECTION((0.,0.,1.));
#1045=IFCARBITRARYCLOSEDPROFILEDEF(.AREA.,$,#1043);
#1046=IFCCARTESIANPOINT((0.,0.,0.));
#1047=IFCDIRECTION((0.,0.,1.));
#1048=IFCDIRECTION((1.,0.,0.));
#1049=IFCAXIS2PLACEMENT3D(#1046,#1047,#1048);
#1050=IFCEXTRUDEDAREASOLID(#1045,#1049,#1044,3000.);
#1051=IFCSHAPEREPRESENTATION(#11,'Body','SweptSolid',(#1050));
#1052=IFCPRODUCTDEFINITIONSHAPE($,$,(#1051));
#1053=IFCCARTESIANPOINT((19100.,11400.,3300.));
#1054=IFCDIRECTION((0.,0.,1.));
#1055=IFCDIRECTION((6.123233995736766E-17,1.,0.));
#1056=IFCAXIS2PLACEMENT3D(#1053,#1054,#1055);
#1057=IFCLOCALPLACEMENT($,#1056);
#1058=IFCWALL('16I4MqWcP4JvfEsA9EX8Uo',$,'L01-W027',$,$,#1074,#1069,$,$);
#1059=IFCCARTESIANPOINTLIST2D(((0.,0.),(0.,300.),(5000.,300.),(5000.,0.),(0.,0.)));
#1060=IFCINDEXEDPOLYCURVE(#1059,$,.F.);
#1061=IFCDIRECTION((0.,0.,1.));
#1062=IFCARBITRARYCLOSEDPROFILEDEF(.AREA.,$,#1060);
#1063=IFCCARTESIANPOINT((0.,0.,0.));
#1064=IFCDIRECTION((0.,0.,1.));
#1065=IFCDIRECTION((1.,0.,0.));
#1066=IFCAXIS2PLACEMENT3D(#1063,#1064,#1065);
#1067=IFCEXTRUDEDAREASOLID(#1062,#1066,#1061,3000.);
#1068=IFCSHAPEREPRESENTATION(#11,'Body','SweptSolid',(#1067));
#1069=IFCPRODUCTDEFINITIONSHAPE($,$,(#1068));
#1070=IFCCARTESIANPOINT((19100.,12700.,3300.));
#1071=IFCDIRECTION((0.,0.,1.));
#1072=IFCDIRECTION((6.123233995736766E-17,1.,0.));
#1073=IFCAXIS2PLACEMENT3D(#1070,#1071,#1072);
#1074=IFCLOCALPLACEMENT($,#1073);
#1075=IFCOPENINGELEMENT('0IS1y2IlP7$gY8ooKDd1OF',$,'L00-D00-void',$,$,#1097,#1086,$,$);
#1076=IFCCARTESIANPOINTLIST2D(((0.,0.),(0.,120.),(900.,120.),(900.,0.),(0.,0.)));
#1077=IFCINDEXEDPOLYCURVE(#1076,$,.F.);
#1078=IFCDIRECTION((0.,0.,1.));
#1079=IFCARBITRARYCLOSEDPROFILEDEF(.AREA.,$,#1077);
#1080=IFCCARTESIANPOINT((0.,0.,0.));
#1081=IFCDIRECTION((0.,0.,1.));
#1082=IFCDIRECTION((1.,0.,0.));
#1083=IFCAXIS2PLACEMENT3D(#1080,#1081,#1082);
#1084=IFCEXTRUDEDAREASOLID(#1079,#1083,#1078,2100.);
#1085=IFCSHAPEREPRESENTATION(#11,'Body','SweptSolid',(#1084));
#1086=IFCPRODUCTDEFINITIONSHAPE($,$,(#1085));
#1092=IFCRELVOIDSELEMENT('2MoKA1pin2yfs20juBaanC',$,$,$,#462,#1075);
#1093=IFCCARTESIANPOINT((2049.9999999999991,-9.9999999999980105,0.));
#1094=IFCDIRECTION((0.,0.,1.));
#1095=IFCDIRECTION((1.,0.,0.));
#1096=IFCAXIS2PLACEMENT3D(#1093,#1094,#1095);
#1097=IFCLOCALPLACEMENT(#478,#1096);
#1098=IFCDOOR('0hcHsfKCjA5Qd$Wn03bCPA',$,'L00-D00',$,$,$,$,$,2100.,900.,$,$,$);
#1099=IFCRELFILLSELEMENT('1y3N$u2Mr2VOvBNmxG1C1K',$,$,$,#1075,#1098);
#1100=IFCOPENINGELEMENT('3froT2QwL21fIEsNignzwU',$,'L00-D01-void',$,$,#1122,#1111,$,$);
#1101=IFCCARTESIANPOINTLIST2D(((0.,0.),(0.,120.),(900.,120.),(900.,0.),(0.,0.)));
#1102=IFCINDEXEDPOLYCURVE(#1101,$,.F.);
#1103=IFCDIRECTION((0.,0.,1.));
#1104=IFCARBITRARYCLOSEDPROFILEDEF(.AREA.,$,#1102);
#1105=IFCCARTESIANPOINT((0.,0.,0.));
#1106=IFCDIRECTION((0.,0.,1.));
#1107=IFCDIRECTION((1.,0.,0.));
#1108=IFCAXIS2PLACEMENT3D(#1105,#1106,#1107);
#1109=IFCEXTRUDEDAREASOLID(#1104,#1108,#1103,2100.);
#1110=IFCSHAPEREPRESENTATION(#11,'Body','SweptSolid',(#1109));
#1111=IFCPRODUCTDEFINITIONSHAPE($,$,(#1110));
#1117=IFCRELVOIDSELEMENT('2KlTtM2bbE39LkdjVut9_n',$,$,$,#513,#1100);
#1118=IFCCARTESIANPOINT((2049.9999999999991,-9.9999999999980105,0.));
#1119=IFCDIRECTION((0.,0.,1.));
#1120=IFCDIRECTION((1.,0.,0.));
#1121=IFCAXIS2PLACEMENT3D(#1118,#1119,#1120);
#1122=IFCLOCALPLACEMENT(#529,#1121);
#1123=IFCDOOR('3Kb4F8UDT0pw1BtSnYDtce',$,'L00-D01',$,$,$,$,$,2100.,900.,$,$,$);
#1124=IFCRELFILLSELEMENT('3HcngSXXrD0vtKibQNwSgH',$,$,$,#1100,#1123);
#1125=IFCOPENINGELEMENT('0Pa5QBWfLAgeNFipsPLkw6',$,'L00-D02-void',$,$,#1147,#1136,$,$);
#1126=IFCCARTESIANPOINTLIST2D(((0.,0.),(0.,120.),(900.,120.),(900.,0.),(0.,0.)));
#1127=IFCINDEXEDPOLYCURVE(#1126,$,.F.);
#1128=IFCDIRECTION((0.,0.,1.));
#1129=IFCARBITRARYCLOSEDPROFILEDEF(.AREA.,$,#1127);
#1130=IFCCARTESIANPOINT((0.,0.,0.));
#1131=IFCDIRECTION((0.,0.,1.));
#1132=IFCDIRECTION((1.,0.,0.));
#1133=IFCAXIS2PLACEMENT3D(#1130,#1131,#1132);
#1134=IFCEXTRUDEDAREASOLID(#1129,#1133,#1128,2100.);
#1135=IFCSHAPEREPRESENTATION(#11,'Body','SweptSolid',(#1134));
#1136=IFCPRODUCTDEFINITIONSHAPE($,$,(#1135));
#1142=IFCRELVOIDSELEMENT('1TKxY1y2b9mA46PVeGiReK',$,$,$,#139,#1125);
#1143=IFCCARTESIANPOINT((849.99999999999966,-9.9999999999997868,0.));
#1144=IFCDIRECTION((0.,0.,1.));
#1145=IFCDIRECTION((1.,0.,0.));
#1146=IFCAXIS2PLACEMENT3D(#1143,#1144,#1145);
#1147=IFCLOCALPLACEMENT(#155,#1146);
#1148=IFCDOOR('2LAoMHlBDDDBCN3KYp6z7T',$,'L00-D02',$,$,$,$,$,2100.,900.,$,$,$);
#1149=IFCRELFILLSELEMENT('0YKWuoCTzBQv86fetS3OAh',$,$,$,#1125,#1148);
#1150=IFCOPENINGELEMENT('1kr3MLr9zApfn3e3nSiN6E',$,'L00-D03-void',$,$,#1172,#1161,$,$);
#1151=IFCCARTESIANPOINTLIST2D(((0.,0.),(0.,120.),(900.,120.),(900.,0.),(0.,0.)));
#1152=IFCINDEXEDPOLYCURVE(#1151,$,.F.);
#1153=IFCDIRECTION((0.,0.,1.));
#1154=IFCARBITRARYCLOSEDPROFILEDEF(.AREA.,$,#1152);
#1155=IFCCARTESIANPOINT((0.,0.,0.));
#1156=IFCDIRECTION((0.,0.,1.));
#1157=IFCDIRECTION((1.,0.,0.));
#1158=IFCAXIS2PLACEMENT3D(#1155,#1156,#1157);
#1159=IFCEXTRUDEDAREASOLID(#1154,#1158,#1153,2100.);
#1160=IFCSHAPEREPRESENTATION(#11,'Body','SweptSolid',(#1159));
#1161=IFCPRODUCTDEFINITIONSHAPE($,$,(#1160));
#1167=IFCRELVOIDSELEMENT('3lO$oYo6f1xg$b_PGVzA5$',$,$,$,#156,#1150);
#1168=IFCCARTESIANPOINT((450.00000000000108,-9.9999999999997868,0.));
#1169=IFCDIRECTION((0.,0.,1.));
#1170=IFCDIRECTION((1.,0.,0.));
#1171=IFCAXIS2PLACEMENT3D(#1168,#1169,#1170);
#1172=IFCLOCALPLACEMENT(#172,#1171);
#1173=IFCDOOR('3KnHYWNzjDD9T2HzR9Pv7q',$,'L00-D03',$,$,$,$,$,2100.,900.,$,$,$);
#1174=IFCRELFILLSELEMENT('3rU9IDPqH9Nvh68f0QVpbu',$,$,$,#1150,#1173);
#1175=IFCOPENINGELEMENT('1FnloxNoDFXP0$BL095SIc',$,'L00-D04-void',$,$,#1197,#1186,$,$);
#1176=IFCCARTESIANPOINTLIST2D(((0.,0.),(0.,120.),(900.,120.),(900.,0.),(0.,0.)));
#1177=IFCINDEXEDPOLYCURVE(#1176,$,.F.);
#1178=IFCDIRECTION((0.,0.,1.));
#1179=IFCARBITRARYCLOSEDPROFILEDEF(.AREA.,$,#1177);
#1180=IFCCARTESIANPOINT((0.,0.,0.));
#1181=IFCDIRECTION((0.,0.,1.));
#1182=IFCDIRECTION((1.,0.,0.));
#1183=IFCAXIS2PLACEMENT3D(#1180,#1181,#1182);
#1184=IFCEXTRUDEDAREASOLID(#1179,#1183,#1178,2100.);
#1185=IFCSHAPEREPRESENTATION(#11,'Body','SweptSolid',(#1184));
#1186=IFCPRODUCTDEFINITIONSHAPE($,$,(#1185));
#1192=IFCRELVOIDSELEMENT('07062DoTnB1e$Ss3UdbpEu',$,$,$,#173,#1175);
#1193=IFCCARTESIANPOINT((474.99999999999966,-9.9999999999997868,0.));
#1194=IFCDIRECTION((0.,0.,1.));
#1195=IFCDIRECTION((1.,0.,0.));
#1196=IFCAXIS2PLACEMENT3D(#1193,#1194,#1195);
#1197=IFCLOCALPLACEMENT(#189,#1196);
#1198=IFCDOOR('1esgi0Lbn8nvTVqHKAtcHQ',$,'L00-D04',$,$,$,$,$,2100.,900.,$,$,$);
#1199=IFCRELFILLSELEMENT('2Odoe2FtT02gP5f84gaDCI',$,$,$,#1175,#1198);
#1200=IFCOPENINGELEMENT('2vZx_DD792wgK7fQzse1Pc',$,'L00-D05-void',$,$,#1222,#1211,$,$);
#1201=IFCCARTESIANPOINTLIST2D(((0.,0.),(0.,120.),(900.,120.),(900.,0.),(0.,0.)));
#1202=IFCINDEXEDPOLYCURVE(#1201,$,.F.);
#1203=IFCDIRECTION((0.,0.,1.));
#1204=IFCARBITRARYCLOSEDPROFILEDEF(.AREA.,$,#1202);
#1205=IFCCARTESIANPOINT((0.,0.,0.));
#1206=IFCDIRECTION((0.,0.,1.));
#1207=IFCDIRECTION((1.,0.,0.));
#1208=IFCAXIS2PLACEMENT3D(#1205,#1206,#1207);
#1209=IFCEXTRUDEDAREASOLID(#1204,#1208,#1203,2100.);
#1210=IFCSHAPEREPRESENTATION(#11,'Body','SweptSolid',(#1209));
#1211=IFCPRODUCTDEFINITIONSHAPE($,$,(#1210));
#1217=IFCRELVOIDSELEMENT('3YzBu55OzCDOHLExN9bYfF',$,$,$,#190,#1200);
#1218=IFCCARTESIANPOINT((849.99999999999966,-9.9999999999997868,0.));
#1219=IFCDIRECTION((0.,0.,1.));
#1220=IFCDIRECTION((1.,0.,0.));
#1221=IFCAXIS2PLACEMENT3D(#1218,#1219,#1220);
#1222=IFCLOCALPLACEMENT(#206,#1221);
#1223=IFCDOOR('2qflARO6T6AREqHlaZLUKN',$,'L00-D05',$,$,$,$,$,2100.,900.,$,$,$);
#1224=IFCRELFILLSELEMENT('2V9YDyZE109fxMXfmb7NWq',$,$,$,#1200,#1223);
#1225=IFCOPENINGELEMENT('1jZJOmLiDCXPkNXg$pvy8T',$,'L00-D06-void',$,$,#1247,#1236,$,$);
#1226=IFCCARTESIANPOINTLIST2D(((0.,0.),(0.,120.),(900.,120.),(900.,0.),(0.,0.)));
#1227=IFCINDEXEDPOLYCURVE(#1226,$,.F.);
#1228=IFCDIRECTION((0.,0.,1.));
#1229=IFCARBITRARYCLOSEDPROFILEDEF(.AREA.,$,#1227);
#1230=IFCCARTESIANPOINT((0.,0.,0.));
#1231=IFCDIRECTION((0.,0.,1.));
#1232=IFCDIRECTION((1.,0.,0.));
#1233=IFCAXIS2PLACEMENT3D(#1230,#1231,#1232);
#1234=IFCEXTRUDEDAREASOLID(#1229,#1233,#1228,2100.);
#1235=IFCSHAPEREPRESENTATION(#11,'Body','SweptSolid',(#1234));
#1236=IFCPRODUCTDEFINITIONSHAPE($,$,(#1235));
#1242=IFCRELVOIDSELEMENT('2DXMXYcTzAXw3Fz6hnOKxn',$,$,$,#207,#1225);
#1243=IFCCARTESIANPOINT((650.00000000000034,-9.9999999999997868,0.));
#1244=IFCDIRECTION((0.,0.,1.));
#1245=IFCDIRECTION((1.,0.,0.));
#1246=IFCAXIS2PLACEMENT3D(#1243,#1244,#1245);
#1247=IFCLOCALPLACEMENT(#223,#1246);
#1248=IFCDOOR('1PUFI9jTHBEA5E7NiRZ2np',$,'L00-D06',$,$,$,$,$,2100.,900.,$,$,$);
#1249=IFCRELFILLSELEMENT('2TkdjiuN518gDWilQqWfX8',$,$,$,#1225,#1248);
#1250=IFCOPENINGELEMENT('1HnOuiTML4oR8Hz5hPt68Q',$,'L00-D07-void',$,$,#1272,#1261,$,$);
#1251=IFCCARTESIANPOINTLIST2D(((0.,0.),(0.,120.),(900.,120.),(900.,0.),(0.,0.)));
#1252=IFCINDEXEDPOLYCURVE(#1251,$,.F.);
#1253=IFCDIRECTION((0.,0.,1.));
#1254=IFCARBITRARYCLOSEDPROFILEDEF(.AREA.,$,#1252);
#1255=IFCCARTESIANPOINT((0.,0.,0.));
#1256=IFCDIRECTION((0.,0.,1.));
#1257=IFCDIRECTION((1.,0.,0.));
#1258=IFCAXIS2PLACEMENT3D(#1255,#1256,#1257);
#1259=IFCEXTRUDEDAREASOLID(#1254,#1258,#1253,2100.);
#1260=IFCSHAPEREPRESENTATION(#11,'Body','SweptSolid',(#1259));
#1261=IFCPRODUCTDEFINITIONSHAPE($,$,(#1260));
#1267=IFCRELVOIDSELEMENT('3H_yMJChfAeAcpQLPATETl',$,$,$,#224,#1250);
#1268=IFCCARTESIANPOINT((850.00000000000136,-9.9999999999997868,0.));
#1269=IFCDIRECTION((0.,0.,1.));
#1270=IFCDIRECTION((1.,0.,0.));
#1271=IFCAXIS2PLACEMENT3D(#1268,#1269,#1270);
#1272=IFCLOCALPLACEMENT(#240,#1271);
#1273=IFCDOOR('2GuN$sU4D8ahuRc1jC0O6I',$,'L00-D07',$,$,$,$,$,2100.,900.,$,$,$);
#1274=IFCRELFILLSELEMENT('0Z$xY8jKr6n90sKDJ6BRXG',$,$,$,#1250,#1273);
#1275=IFCOPENINGELEMENT('14Xsl0BNzAehbRLn9MYJX_',$,'L00-D08-void',$,$,#1297,#1286,$,$);
#1276=IFCCARTESIANPOINTLIST2D(((0.,0.),(0.,120.),(900.,120.),(900.,0.),(0.,0.)));
#1277=IFCINDEXEDPOLYCURVE(#1276,$,.F.);
#1278=IFCDIRECTION((0.,0.,1.));
#1279=IFCARBITRARYCLOSEDPROFILEDEF(.AREA.,$,#1277);
#1280=IFCCARTESIANPOINT((0.,0.,0.));
#1281=IFCDIRECTION((0.,0.,1.));
#1282=IFCDIRECTION((1.,0.,0.));
#1283=IFCAXIS2PLACEMENT3D(#1280,#1281,#1282);
#1284=IFCEXTRUDEDAREASOLID(#1279,#1283,#1278,2100.);
#1285=IFCSHAPEREPRESENTATION(#11,'Body','SweptSolid',(#1284));
#1286=IFCPRODUCTDEFINITIONSHAPE($,$,(#1285));
#1292=IFCRELVOIDSELEMENT('2bN7XSqIr1NBT$3B0XdbHh',$,$,$,#241,#1275);
#1293=IFCCARTESIANPOINT((1324.9999999999993,-9.9999999999997868,0.));
#1294=IFCDIRECTION((0.,0.,1.));
#1295=IFCDIRECTION((1.,0.,0.));
#1296=IFCAXIS2PLACEMENT3D(#1293,#1294,#1295);
#1297=IFCLOCALPLACEMENT(#257,#1296);
#1298=IFCDOOR('3HZ$YAlhP54fTMD2UscuXj',$,'L00-D08',$,$,$,$,$,2100.,900.,$,$,$);
#1299=IFCRELFILLSELEMENT('1lN89MweD8fw0Ik$ixNeUj',$,$,$,#1275,#1298);
#1300=IFCOPENINGELEMENT('3VOKQRwJXCA8Y1AjXSqmAd',$,'L00-D09-void',$,$,#1322,#1311,$,$);
#1301=IFCCARTESIANPOINTLIST2D(((0.,0.),(0.,120.),(900.,120.),(900.,0.),(0.,0.)));
#1302=IFCINDEXEDPOLYCURVE(#1301,$,.F.);
#1303=IFCDIRECTION((0.,0.,1.));
#1304=IFCARBITRARYCLOSEDPROFILEDEF(.AREA.,$,#1302);
#1305=IFCCARTESIANPOINT((0.,0.,0.));
#1306=IFCDIRECTION((0.,0.,1.));
#1307=IFCDIRECTION((1.,0.,0.));
#1308=IFCAXIS2PLACEMENT3D(#1305,#1306,#1307);
#1309=IFCEXTRUDEDAREASOLID(#1304,#1308,#1303,2100.);
#1310=IFCSHAPEREPRESENTATION(#11,'Body','SweptSolid',(#1309));
#1311=IFCPRODUCTDEFINITIONSHAPE($,$,(#1310));
#1317=IFCRELVOIDSELEMENT('3oCC0_bcz4mvhXYqi991vN',$,$,$,#258,#1300);
#1318=IFCCARTESIANPOINT((3550.0000000000005,-9.9999999999997868,0.));
#1319=IFCDIRECTION((0.,0.,1.));
#1320=IFCDIRECTION((1.,0.,0.));
#1321=IFCAXIS2PLACEMENT3D(#1318,#1319,#1320);
#1322=IFCLOCALPLACEMENT(#274,#1321);
#1323=IFCDOOR('3lVQRMzg5BVxDiowRbMR7m',$,'L00-D09',$,$,$,$,$,2100.,900.,$,$,$);
#1324=IFCRELFILLSELEMENT('2OeZG9RFjCAwiTqY9BYi83',$,$,$,#1300,#1323);
#1325=IFCOPENINGELEMENT('0L6f5eUB15mPeJJg2uaByP',$,'L00-D10-void',$,$,#1347,#1336,$,$);
#1326=IFCCARTESIANPOINTLIST2D(((0.,0.),(0.,120.),(900.,120.),(900.,0.),(0.,0.)));
#1327=IFCINDEXEDPOLYCURVE(#1326,$,.F.);
#1328=IFCDIRECTION((0.,0.,1.));
#1329=IFCARBITRARYCLOSEDPROFILEDEF(.AREA.,$,#1327);
#1330=IFCCARTESIANPOINT((0.,0.,0.));
#1331=IFCDIRECTION((0.,0.,1.));
#1332=IFCDIRECTION((1.,0.,0.));
#1333=IFCAXIS2PLACEMENT3D(#1330,#1331,#1332);
#1334=IFCEXTRUDEDAREASOLID(#1329,#1333,#1328,2100.);
#1335=IFCSHAPEREPRESENTATION(#11,'Body','SweptSolid',(#1334));
#1336=IFCPRODUCTDEFINITIONSHAPE($,$,(#1335));
#1342=IFCRELVOIDSELEMENT('18YakBq6nCufS$e90noRWq',$,$,$,#275,#1325);
#1343=IFCCARTESIANPOINT((1749.9999999999982,-9.9999999999997868,0.));
#1344=IFCDIRECTION((0.,0.,1.));
#1345=IFCDIRECTION((1.,0.,0.));
#1346=IFCAXIS2PLACEMENT3D(#1343,#1344,#1345);
#1347=IFCLOCALPLACEMENT(#291,#1346);
#1348=IFCDOOR('2EwG5GFFvFEe52mxZ1F4z8',$,'L00-D10',$,$,$,$,$,2100.,900.,$,$,$);
#1349=IFCRELFILLSELEMENT('0wTcxOG$P96gOFaSPy4jh6',$,$,$,#1325,#1348);
#1350=IFCOPENINGELEMENT('0Ixcxf$pTEpOT7FsbEMf7t',$,'L00-D11-void',$,$,#1372,#1361,$,$);
#1351=IFCCARTESIANPOINTLIST2D(((0.,0.),(0.,120.),(900.,120.),(900.,0.),(0.,0.)));
#1352=IFCINDEXEDPOLYCURVE(#1351,$,.F.);
#1353=IFCDIRECTION((0.,0.,1.));
#1354=IFCARBITRARYCLOSEDPROFILEDEF(.AREA.,$,#1352);
#1355=IFCCARTESIANPOINT((0.,0.,0.));
#1356=IFCDIRECTION((0.,0.,1.));
#1357=IFCDIRECTION((1.,0.,0.));
#1358=IFCAXIS2PLACEMENT3D(#1355,#1356,#1357);
#1359=IFCEXTRUDEDAREASOLID(#1354,#1358,#1353,2100.);
#1360=IFCSHAPEREPRESENTATION(#11,'Body','SweptSolid',(#1359));
#1361=IFCPRODUCTDEFINITIONSHAPE($,$,(#1360));
#1367=IFCRELVOIDSELEMENT('0pSgV$hzz1O94npyA4cRBq',$,$,$,#292,#1350);
#1368=IFCCARTESIANPOINT((1949.9999999999993,-9.9999999999997868,0.));
#1369=IFCDIRECTION((0.,0.,1.));
#1370=IFCDIRECTION((1.,0.,0.));
#1371=IFCAXIS2PLACEMENT3D(#1368,#1369,#1370);
#1372=IFCLOCALPLACEMENT(#308,#1371);
#1373=IFCDOOR('3RE$d0TlXBGeOoSYZWz281',$,'L00-D11',$,$,$,$,$,2100.,900.,$,$,$);
#1374=IFCRELFILLSELEMENT('3mwYRNZ3LAve4dfUXoA$li',$,$,$,#1350,#1373);
#1375=IFCOPENINGELEMENT('0dnh66Dhz8O9BeHNZvUFkz',$,'L00-D12-void',$,$,#1397,#1386,$,$);
#1376=IFCCARTESIANPOINTLIST2D(((0.,0.),(0.,320.),(1000.,320.),(1000.,0.),(0.,0.)));
#1377=IFCINDEXEDPOLYCURVE(#1376,$,.F.);
#1378=IFCDIRECTION((0.,0.,1.));
#1379=IFCARBITRARYCLOSEDPROFILEDEF(.AREA.,$,#1377);
#1380=IFCCARTESIANPOINT((0.,0.,0.));
#1381=IFCDIRECTION((0.,0.,1.));
#1382=IFCDIRECTION((1.,0.,0.));
#1383=IFCAXIS2PLACEMENT3D(#1380,#1381,#1382);
#1384=IFCEXTRUDEDAREASOLID(#1379,#1383,#1378,2100.);
#1385=IFCSHAPEREPRESENTATION(#11,'Body','SweptSolid',(#1384));
#1386=IFCPRODUCTDEFINITIONSHAPE($,$,(#1385));
#1392=IFCRELVOIDSELEMENT('0WOq9cBvX5PeC5vk2MXCa1',$,$,$,#71,#1375);
#1393=IFCCARTESIANPOINT((800.00000000000068,-10.000000000000675,0.));
#1394=IFCDIRECTION((0.,0.,1.));
#1395=IFCDIRECTION((1.,0.,0.));
#1396=IFCAXIS2PLACEMENT3D(#1393,#1394,#1395);
#1397=IFCLOCALPLACEMENT(#87,#1396);
#1398=IFCDOOR('3zaqWA7pr3FgFqjIZ7AQxe',$,'L00-D12',$,$,$,$,$,2100.,1000.,$,$,$);
#1399=IFCRELFILLSELEMENT('2$IiCLc5n2pgpgUex601g$',$,$,$,#1375,#1398);
#1400=IFCOPENINGELEMENT('1ZdNcOC1X0SvTSva_420am',$,'L00-G00-void',$,$,#1422,#1411,$,$);
#1401=IFCCARTESIANPOINTLIST2D(((0.,0.),(0.,320.),(800.,320.),(800.,0.),(0.,0.)));
#1402=IFCINDEXEDPOLYCURVE(#1401,$,.F.);
#1403=IFCDIRECTION((0.,0.,1.));
#1404=IFCARBITRARYCLOSEDPROFILEDEF(.AREA.,$,#1402);
#1405=IFCCARTESIANPOINT((0.,0.,0.));
#1406=IFCDIRECTION((0.,0.,1.));
#1407=IFCDIRECTION((1.,0.,0.));
#1408=IFCAXIS2PLACEMENT3D(#1405,#1406,#1407);
#1409=IFCEXTRUDEDAREASOLID(#1404,#1408,#1403,1500.);
#1410=IFCSHAPEREPRESENTATION(#11,'Body','SweptSolid',(#1409));
#1411=IFCPRODUCTDEFINITIONSHAPE($,$,(#1410));
#1417=IFCRELVOIDSELEMENT('0YXIkQczb9M8eBECtEFD7y',$,$,$,#37,#1400);
#1418=IFCCARTESIANPOINT((500.,-10.000000000000675,800.));
#1419=IFCDIRECTION((0.,0.,1.));
#1420=IFCDIRECTION((1.,0.,0.));
#1421=IFCAXIS2PLACEMENT3D(#1418,#1419,#1420);
#1422=IFCLOCALPLACEMENT(#53,#1421);
#1423=IFCWINDOW('2ZTln0689Anx9QCK6qex_O',$,'L00-G00',$,$,$,$,$,1500.,800.,$,$,$);
#1424=IFCRELFILLSELEMENT('0cBvBB2uvFnBEqnmUJkgjF',$,$,$,#1400,#1423);
#1425=IFCOPENINGELEMENT('2HMmG7BO51Tgqb0hyyWK60',$,'L00-G01-void',$,$,#1447,#1436,$,$);
#1426=IFCCARTESIANPOINTLIST2D(((0.,0.),(0.,320.),(1470.,320.),(1470.,0.),(0.,0.)));
#1427=IFCINDEXEDPOLYCURVE(#1426,$,.F.);
#1428=IFCDIRECTION((0.,0.,1.));
#1429=IFCARBITRARYCLOSEDPROFILEDEF(.AREA.,$,#1427);
#1430=IFCCARTESIANPOINT((0.,0.,0.));
#1431=IFCDIRECTION((0.,0.,1.));
#1432=IFCDIRECTION((1.,0.,0.));
#1433=IFCAXIS2PLACEMENT3D(#1430,#1431,#1432);
#1434=IFCEXTRUDEDAREASOLID(#1429,#1433,#1428,1500.);
#1435=IFCSHAPEREPRESENTATION(#11,'Body','SweptSolid',(#1434));
#1436=IFCPRODUCTDEFINITIONSHAPE($,$,(#1435));
#1442=IFCRELVOIDSELEMENT('08PzCHDqz9EganP3DCc1Ts',$,$,$,#105,#1425);
#1443=IFCCARTESIANPOINT((565.00000000000125,-10.000000000000675,800.));
#1444=IFCDIRECTION((0.,0.,1.));
#1445=IFCDIRECTION((1.,0.,0.));
#1446=IFCAXIS2PLACEMENT3D(#1443,#1444,#1445);
#1447=IFCLOCALPLACEMENT(#121,#1446);
#1448=IFCWINDOW('3ZoU2Lg6PCER5ybxvOom3U',$,'L00-G01',$,$,$,$,$,1500.,1470.,$,$,$);
#1449=IFCRELFILLSELEMENT('1PRf0RzfH3IRKIHKVm1Dhj',$,$,$,#1425,#1448);
#1450=IFCOPENINGELEMENT('3ECc6fO8H45QvsGlROY92a',$,'L00-G02-void',$,$,#1472,#1461,$,$);
#1451=IFCCARTESIANPOINTLIST2D(((0.,0.),(0.,320.),(1899.9999999999998,320.),(1899.9999999999998,0.),(0.,0.)));
#1452=IFCINDEXEDPOLYCURVE(#1451,$,.F.);
#1453=IFCDIRECTION((0.,0.,1.));
#1454=IFCARBITRARYCLOSEDPROFILEDEF(.AREA.,$,#1452);
#1455=IFCCARTESIANPOINT((0.,0.,0.));
#1456=IFCDIRECTION((0.,0.,1.));
#1457=IFCDIRECTION((1.,0.,0.));
#1458=IFCAXIS2PLACEMENT3D(#1455,#1456,#1457);
#1459=IFCEXTRUDEDAREASOLID(#1454,#1458,#1453,1500.);
#1460=IFCSHAPEREPRESENTATION(#11,'Body','SweptSolid',(#1459));
#1461=IFCPRODUCTDEFINITIONSHAPE($,$,(#1460));
#1467=IFCRELVOIDSELEMENT('06vOZMQTPFBOrcCOnTd5oZ',$,$,$,#122,#1450);
#1468=IFCCARTESIANPOINT((824.99999999999932,-10.000000000000675,800.));
#1469=IFCDIRECTION((0.,0.,1.));
#1470=IFCDIRECTION((1.,0.,0.));
#1471=IFCAXIS2PLACEMENT3D(#1468,#1469,#1470);
#1472=IFCLOCALPLACEMENT(#138,#1471);
#1473=IFCWINDOW('1l$_8CJPH8NRYBrp_FCY_5',$,'L00-G02',$,$,$,$,$,1500.,1900.,$,$,$);
#1474=IFCRELFILLSELEMENT('15_7u0lIX1F90qLrATUM7u',$,$,$,#1450,#1473);
#1475=IFCOPENINGELEMENT('1NIivWIMT9EOGWbSkXURqK',$,'L00-G03-void',$,$,#1497,#1486,$,$);
#1476=IFCCARTESIANPOINTLIST2D(((0.,0.),(0.,320.),(2400.,320.),(2400.,0.),(0.,0.)));
#1477=IFCINDEXEDPOLYCURVE(#1476,$,.F.);
#1478=IFCDIRECTION((0.,0.,1.));
#1479=IFCARBITRARYCLOSEDPROFILEDEF(.AREA.,$,#1477);
#1480=IFCCARTESIANPOINT((0.,0.,0.));
#1481=IFCDIRECTION((0.,0.,1.));
#1482=IFCDIRECTION((1.,0.,0.));
#1483=IFCAXIS2PLACEMENT3D(#1480,#1481,#1482);
#1484=IFCEXTRUDEDAREASOLID(#1479,#1483,#1478,1500.);
#1485=IFCSHAPEREPRESENTATION(#11,'Body','SweptSolid',(#1484));
#1486=IFCPRODUCTDEFINITIONSHAPE($,$,(#1485));
#1492=IFCRELVOIDSELEMENT('02FXLTdWHEX8QL0JFwEjeA',$,$,$,#309,#1475);
#1493=IFCCARTESIANPOINT((2800.0000000000005,-10.000000000001563,800.));
#1494=IFCDIRECTION((0.,0.,1.));
#1495=IFCDIRECTION((1.,0.,0.));
#1496=IFCAXIS2PLACEMENT3D(#1493,#1494,#1495);
#1497=IFCLOCALPLACEMENT(#325,#1496);
#1498=IFCWINDOW('30N6wfO_91NQeQ5j0J4kXo',$,'L00-G03',$,$,$,$,$,1500.,2400.,$,$,$);
#1499=IFCRELFILLSELEMENT('0AY7F$QvPBf8NVZOkD8GGR',$,$,$,#1475,#1498);
#1500=IFCOPENINGELEMENT('10oQ78RdfFAx6VT_HGscNN',$,'L00-G04-void',$,$,#1522,#1511,$,$);
#1501=IFCCARTESIANPOINTLIST2D(((0.,0.),(0.,320.),(2130.,320.),(2130.,0.),(0.,0.)));
#1502=IFCINDEXEDPOLYCURVE(#1501,$,.F.);
#1503=IFCDIRECTION((0.,0.,1.));
#1504=IFCARBITRARYCLOSEDPROFILEDEF(.AREA.,$,#1502);
#1505=IFCCARTESIANPOINT((0.,0.,0.));
#1506=IFCDIRECTION((0.,0.,1.));
#1507=IFCDIRECTION((1.,0.,0.));
#1508=IFCAXIS2PLACEMENT3D(#1505,#1506,#1507);
#1509=IFCEXTRUDEDAREASOLID(#1504,#1508,#1503,1500.);
#1510=IFCSHAPEREPRESENTATION(#11,'Body','SweptSolid',(#1509));
#1511=IFCPRODUCTDEFINITIONSHAPE($,$,(#1510));
#1517=IFCRELVOIDSELEMENT('3sRMnRtMT8hhryZ9YJI_R$',$,$,$,#326,#1500);
#1518=IFCCARTESIANPOINT((1134.9999999999998,-10.000000000001563,800.));
#1519=IFCDIRECTION((0.,0.,1.));
#1520=IFCDIRECTION((1.,0.,0.));
#1521=IFCAXIS2PLACEMENT3D(#1518,#1519,#1520);
#1522=IFCLOCALPLACEMENT(#342,#1521);
#1523=IFCWINDOW('0_$x7t4BTDZgpcS7pfV522',$,'L00-G04',$,$,$,$,$,1500.,2130.,$,$,$);
#1524=IFCRELFILLSELEMENT('16z6nig2nE4OJ4ecfJE62L',$,$,$,#1500,#1523);
#1525=IFCOPENINGELEMENT('2YBMva_rvEzf2d4GOh6LDC',$,'L00-G05-void',$,$,#1547,#1536,$,$);
#1526=IFCCARTESIANPOINTLIST2D(((0.,0.),(0.,320.),(2300.,320.),(2300.,0.),(0.,0.)));
#1527=IFCINDEXEDPOLYCURVE(#1526,$,.F.);
#1528=IFCDIRECTION((0.,0.,1.));
#1529=IFCARBITRARYCLOSEDPROFILEDEF(.AREA.,$,#1527);
#1530=IFCCARTESIANPOINT((0.,0.,0.));
#1531=IFCDIRECTION((0.,0.,1.));
#1532=IFCDIRECTION((1.,0.,0.));
#1533=IFCAXIS2PLACEMENT3D(#1530,#1531,#1532);
#1534=IFCEXTRUDEDAREASOLID(#1529,#1533,#1528,1500.);
#1535=IFCSHAPEREPRESENTATION(#11,'Body','SweptSolid',(#1534));
#1536=IFCPRODUCTDEFINITIONSHAPE($,$,(#1535));
#1542=IFCRELVOIDSELEMENT('2D13abnBL4Bw6nGRB66gwJ',$,$,$,#343,#1525);
#1543=IFCCARTESIANPOINT((1250.,-10.000000000001563,800.));
#1544=IFCDIRECTION((0.,0.,1.));
#1545=IFCDIRECTION((1.,0.,0.));
#1546=IFCAXIS2PLACEMENT3D(#1543,#1544,#1545);
#1547=IFCLOCALPLACEMENT(#359,#1546);
#1548=IFCWINDOW('3xI$Ospmr09AwVoQUEnBD3',$,'L00-G05',$,$,$,$,$,1500.,2300.,$,$,$);
#1549=IFCRELFILLSELEMENT('3J3bHfFWj7OQBT86s$Bknu',$,$,$,#1525,#1548);
#1550=IFCOPENINGELEMENT('10$MPnR3L67uOBpw3F61CF',$,'L00-G06-void',$,$,#1572,#1561,$,$);
#1551=IFCCARTESIANPOINTLIST2D(((0.,0.),(0.,320.),(2400.,320.),(2400.,0.),(0.,0.)));
#1552=IFCINDEXEDPOLYCURVE(#1551,$,.F.);
#1553=IFCDIRECTION((0.,0.,1.));
#1554=IFCARBITRARYCLOSEDPROFILEDEF(.AREA.,$,#1552);
#1555=IFCCARTESIANPOINT((0.,0.,0.));
#1556=IFCDIRECTION((0.,0.,1.));
#1557=IFCDIRECTION((1.,0.,0.));
#1558=IFCAXIS2PLACEMENT3D(#1555,#1556,#1557);
#1559=IFCEXTRUDEDAREASOLID(#1554,#1558,#1553,1500.);
#1560=IFCSHAPEREPRESENTATION(#11,'Body','SweptSolid',(#1559));
#1561=IFCPRODUCTDEFINITIONSHAPE($,$,(#1560));
#1567=IFCRELVOIDSELEMENT('1KbITcGen8$AGUHu3HVNk8',$,$,$,#394,#1550);
#1568=IFCCARTESIANPOINT((1299.9999999999989,-10.000000000000675,800.));
#1569=IFCDIRECTION((0.,0.,1.));
#1570=IFCDIRECTION((1.,0.,0.));
#1571=IFCAXIS2PLACEMENT3D(#1568,#1569,#1570);
#1572=IFCLOCALPLACEMENT(#410,#1571);
#1573=IFCWINDOW('2j2gJo$QP6uBE08KnNTgMg',$,'L00-G06',$,$,$,$,$,1500.,2400.,$,$,$);
#1574=IFCRELFILLSELEMENT('28X31ep85FrQGVzbCaTmcu',$,$,$,#1550,#1573);
#1575=IFCOPENINGELEMENT('3qE5rBMK92APOuTjhgeBiP',$,'L00-G07-void',$,$,#1597,#1586,$,$);
#1576=IFCCARTESIANPOINTLIST2D(((0.,0.),(0.,320.),(1899.9999999999998,320.),(1899.9999999999998,0.),(0.,0.)));
#1577=IFCINDEXEDPOLYCURVE(#1576,$,.F.);
#1578=IFCDIRECTION((0.,0.,1.));
#1579=IFCARBITRARYCLOSEDPROFILEDEF(.AREA.,$,#1577);
#1580=IFCCARTESIANPOINT((0.,0.,0.));
#1581=IFCDIRECTION((0.,0.,1.));
#1582=IFCDIRECTION((1.,0.,0.));
#1583=IFCAXIS2PLACEMENT3D(#1580,#1581,#1582);
#1584=IFCEXTRUDEDAREASOLID(#1579,#1583,#1578,1500.);
#1585=IFCSHAPEREPRESENTATION(#11,'Body','SweptSolid',(#1584));
#1586=IFCPRODUCTDEFINITIONSHAPE($,$,(#1585));
#1592=IFCRELVOIDSELEMENT('2E6prnmITEHPJiaTmXODpP',$,$,$,#547,#1575);
#1593=IFCCARTESIANPOINT((1750.,-10.000000000001563,800.));
#1594=IFCDIRECTION((0.,0.,1.));
#1595=IFCDIRECTION((1.,0.,0.));
#1596=IFCAXIS2PLACEMENT3D(#1593,#1594,#1595);
#1597=IFCLOCALPLACEMENT(#563,#1596);
#1598=IFCWINDOW('3h406O0uT9eu3s10X7s0ga',$,'L00-G07',$,$,$,$,$,1500.,1900.,$,$,$);
#1599=IFCRELFILLSELEMENT('2P4YuTUrD5agHEoMMeH6Jt',$,$,$,#1575,#1598);
#1600=IFCOPENINGELEMENT('1V2KCZoJX1sOrp_x4xIcZZ',$,'L00-G08-void',$,$,#1622,#1611,$,$);
#1601=IFCCARTESIANPOINTLIST2D(((0.,0.),(0.,320.),(2300.,320.),(2300.,0.),(0.,0.)));
#1602=IFCINDEXEDPOLYCURVE(#1601,$,.F.);
#1603=IFCDIRECTION((0.,0.,1.));
#1604=IFCARBITRARYCLOSEDPROFILEDEF(.AREA.,$,#1602);
#1605=IFCCARTESIANPOINT((0.,0.,0.));
#1606=IFCDIRECTION((0.,0.,1.));
#1607=IFCDIRECTION((1.,0.,0.));
#1608=IFCAXIS2PLACEMENT3D(#1605,#1606,#1607);
#1609=IFCEXTRUDEDAREASOLID(#1604,#1608,#1603,1500.);
#1610=IFCSHAPEREPRESENTATION(#11,'Body','SweptSolid',(#1609));
#1611=IFCPRODUCTDEFINITIONSHAPE($,$,(#1610));
#1617=IFCRELVOIDSELEMENT('1kPG3G$_z00g7NMqzK7ZcN',$,$,$,#581,#1600);
#1618=IFCCARTESIANPOINT((1349.9999999999995,-10.000000000001563,800.));
#1619=IFCDIRECTION((0.,0.,1.));
#1620=IFCDIRECTION((1.,0.,0.));
#1621=IFCAXIS2PLACEMENT3D(#1618,#1619,#1620);
#1622=IFCLOCALPLACEMENT(#597,#1621);
#1623=IFCWINDOW('0Fl_51RLz2DRKbsA3KVZS3',$,'L00-G08',$,$,$,$,$,1500.,2300.,$,$,$);
#1624=IFCRELFILLSELEMENT('3iHnswReD0R8Sggfv3_p4w',$,$,$,#1600,#1623);
#1625=IFCOPENINGELEMENT('2U26UlUdHEsvu_SH1o7AEw',$,'L01-D00-void',$,$,#1647,#1636,$,$);
#1626=IFCCARTESIANPOINTLIST2D(((0.,0.),(0.,120.),(900.,120.),(900.,0.),(0.,0.)));
#1627=IFCINDEXEDPOLYCURVE(#1626,$,.F.);
#1628=IFCDIRECTION((0.,0.,1.));
#1629=IFCARBITRARYCLOSEDPROFILEDEF(.AREA.,$,#1627);
#1630=IFCCARTESIANPOINT((0.,0.,0.));
#1631=IFCDIRECTION((0.,0.,1.));
#1632=IFCDIRECTION((1.,0.,0.));
#1633=IFCAXIS2PLACEMENT3D(#1630,#1631,#1632);
#1634=IFCEXTRUDEDAREASOLID(#1629,#1633,#1628,2100.);
#1635=IFCSHAPEREPRESENTATION(#11,'Body','SweptSolid',(#1634));
#1636=IFCPRODUCTDEFINITIONSHAPE($,$,(#1635));
#1642=IFCRELVOIDSELEMENT('1xbTw8Eb98ifEgaN65Hx8F',$,$,$,#990,#1625);
#1643=IFCCARTESIANPOINT((2250.0000000000009,-9.9999999999997868,0.));
#1644=IFCDIRECTION((0.,0.,1.));
#1645=IFCDIRECTION((1.,0.,0.));
#1646=IFCAXIS2PLACEMENT3D(#1643,#1644,#1645);
#1647=IFCLOCALPLACEMENT(#1006,#1646);
#1648=IFCDOOR('0r3zdrXDrFXRclXtI07cjZ',$,'L01-D00',$,$,$,$,$,2100.,900.,$,$,$);
#1649=IFCRELFILLSELEMENT('1GD4HppJD4mw3pfOPyZMYk',$,$,$,#1625,#1648);
#1650=IFCOPENINGELEMENT('1_Z4CpwTT9ReFT3crqLyYR',$,'L01-D01-void',$,$,#1672,#1661,$,$);
#1651=IFCCARTESIANPOINTLIST2D(((0.,0.),(0.,120.),(900.,120.),(900.,0.),(0.,0.)));
#1652=IFCINDEXEDPOLYCURVE(#1651,$,.F.);
#1653=IFCDIRECTION((0.,0.,1.));
#1654=IFCARBITRARYCLOSEDPROFILEDEF(.AREA.,$,#1652);
#1655=IFCCARTESIANPOINT((0.,0.,0.));
#1656=IFCDIRECTION((0.,0.,1.));
#1657=IFCDIRECTION((1.,0.,0.));
#1658=IFCAXIS2PLACEMENT3D(#1655,#1656,#1657);
#1659=IFCEXTRUDEDAREASOLID(#1654,#1658,#1653,2100.);
#1660=IFCSHAPEREPRESENTATION(#11,'Body','SweptSolid',(#1659));
#1661=IFCPRODUCTDEFINITIONSHAPE($,$,(#1660));
#1667=IFCRELVOIDSELEMENT('0UvJoR23HCMwgLzdGa4GwQ',$,$,$,#973,#1650);
#1668=IFCCARTESIANPOINT((2249.9999999999991,-9.9999999999997868,0.));
#1669=IFCDIRECTION((0.,0.,1.));
#1670=IFCDIRECTION((1.,0.,0.));
#1671=IFCAXIS2PLACEMENT3D(#1668,#1669,#1670);
#1672=IFCLOCALPLACEMENT(#989,#1671);
#1673=IFCDOOR('3hIfs9Kw9CHhD5zUGHYIk4',$,'L01-D01',$,$,$,$,$,2100.,900.,$,$,$);
#1674=IFCRELFILLSELEMENT('2FqfFX8UnCLfZpJy4UzAnE',$,$,$,#1650,#1673);
#1675=IFCOPENINGELEMENT('1PKF8GyfTCWwZuR61tixAt',$,'L01-D02-void',$,$,#1697,#1686,$,$);
#1676=IFCCARTESIANPOINTLIST2D(((0.,0.),(0.,120.),(900.,120.),(900.,0.),(0.,0.)));
#1677=IFCINDEXEDPOLYCURVE(#1676,$,.F.);
#1678=IFCDIRECTION((0.,0.,1.));
#1679=IFCARBITRARYCLOSEDPROFILEDEF(.AREA.,$,#1677);
#1680=IFCCARTESIANPOINT((0.,0.,0.));
#1681=IFCDIRECTION((0.,0.,1.));
#1682=IFCDIRECTION((1.,0.,0.));
#1683=IFCAXIS2PLACEMENT3D(#1680,#1681,#1682);
#1684=IFCEXTRUDEDAREASOLID(#1679,#1683,#1678,2100.);
#1685=IFCSHAPEREPRESENTATION(#11,'Body','SweptSolid',(#1684));
#1686=IFCPRODUCTDEFINITIONSHAPE($,$,(#1685));
#1692=IFCRELVOIDSELEMENT('0Bf0gcg_bBJ86gRC7R1Mtr',$,$,$,#684,#1675);
#1693=IFCCARTESIANPOINT((849.99999999999966,-9.9999999999997868,0.));
#1694=IFCDIRECTION((0.,0.,1.));
#1695=IFCDIRECTION((1.,0.,0.));
#1696=IFCAXIS2PLACEMENT3D(#1693,#1694,#1695);
#1697=IFCLOCALPLACEMENT(#700,#1696);
#1698=IFCDOOR('3QrrQBA9z46wLVKA4IT7qV',$,'L01-D02',$,$,$,$,$,2100.,900.,$,$,$);
#1699=IFCRELFILLSELEMENT('251tJ_h_1EdAQiYML_yaSb',$,$,$,#1675,#1698);
#1700=IFCOPENINGELEMENT('1iB3jWNuf9T8fBNycGOfFS',$,'L01-D03-void',$,$,#1722,#1711,$,$);
#1701=IFCCARTESIANPOINTLIST2D(((0.,0.),(0.,120.),(900.,120.),(900.,0.),(0.,0.)));
#1702=IFCINDEXEDPOLYCURVE(#1701,$,.F.);
#1703=IFCDIRECTION((0.,0.,1.));
#1704=IFCARBITRARYCLOSEDPROFILEDEF(.AREA.,$,#1702);
#1705=IFCCARTESIANPOINT((0.,0.,0.));
#1706=IFCDIRECTION((0.,0.,1.));
#1707=IFCDIRECTION((1.,0.,0.));
#1708=IFCAXIS2PLACEMENT3D(#1705,#1706,#1707);
#1709=IFCEXTRUDEDAREASOLID(#1704,#1708,#1703,2100.);
#1710=IFCSHAPEREPRESENTATION(#11,'Body','SweptSolid',(#1709));
#1711=IFCPRODUCTDEFINITIONSHAPE($,$,(#1710));
#1717=IFCRELVOIDSELEMENT('0lrRyyk1PBjud7muGWTUpW',$,$,$,#701,#1700);
#1718=IFCCARTESIANPOINT((450.00000000000108,-9.9999999999997868,0.));
#1719=IFCDIRECTION((0.,0.,1.));
#1720=IFCDIRECTION((1.,0.,0.));
#1721=IFCAXIS2PLACEMENT3D(#1718,#1719,#1720);
#1722=IFCLOCALPLACEMENT(#717,#1721);
#1723=IFCDOOR('3n$euZMSDCS8X_7Nj6lJ4F',$,'L01-D03',$,$,$,$,$,2100.,900.,$,$,$);
#1724=IFCRELFILLSELEMENT('3M3cZuiq18Agx21XUvQORK',$,$,$,#1700,#1723);
#1725=IFCOPENINGELEMENT('0KTu7ovkT2SQFwqFJXqBDZ',$,'L01-D04-void',$,$,#1747,#1736,$,$);
#1726=IFCCARTESIANPOINTLIST2D(((0.,0.),(0.,120.),(900.,120.),(900.,0.),(0.,0.)));
#1727=IFCINDEXEDPOLYCURVE(#1726,$,.F.);
#1728=IFCDIRECTION((0.,0.,1.));
#1729=IFCARBITRARYCLOSEDPROFILEDEF(.AREA.,$,#1727);
#1730=IFCCARTESIANPOINT((0.,0.,0.));
#1731=IFCDIRECTION((0.,0.,1.));
#1732=IFCDIRECTION((1.,0.,0.));
#1733=IFCAXIS2PLACEMENT3D(#1730,#1731,#1732);
#1734=IFCEXTRUDEDAREASOLID(#1729,#1733,#1728,2100.);
#1735=IFCSHAPEREPRESENTATION(#11,'Body','SweptSolid',(#1734));
#1736=IFCPRODUCTDEFINITIONSHAPE($,$,(#1735));
#1742=IFCRELVOIDSELEMENT('1rXHVj7tD82R_3rdg6VfO_',$,$,$,#752,#1725);
#1743=IFCCARTESIANPOINT((1774.9999999999986,-9.9999999999997868,0.));
#1744=IFCDIRECTION((0.,0.,1.));
#1745=IFCDIRECTION((1.,0.,0.));
#1746=IFCAXIS2PLACEMENT3D(#1743,#1744,#1745);
#1747=IFCLOCALPLACEMENT(#768,#1746);
#1748=IFCDOOR('18YRul0p95kODz2tR5TelN',$,'L01-D04',$,$,$,$,$,2100.,900.,$,$,$);
#1749=IFCRELFILLSELEMENT('0oI3HvoLfEXA1yDgVbOslk',$,$,$,#1725,#1748);
#1750=IFCOPENINGELEMENT('2bg9ic2i1C4fmRcz3KXdxr',$,'L01-D05-void',$,$,#1772,#1761,$,$);
#1751=IFCCARTESIANPOINTLIST2D(((0.,0.),(0.,120.),(900.,120.),(900.,0.),(0.,0.)));
#1752=IFCINDEXEDPOLYCURVE(#1751,$,.F.);
#1753=IFCDIRECTION((0.,0.,1.));
#1754=IFCARBITRARYCLOSEDPROFILEDEF(.AREA.,$,#1752);
#1755=IFCCARTESIANPOINT((0.,0.,0.));
#1756=IFCDIRECTION((0.,0.,1.));
#1757=IFCDIRECTION((1.,0.,0.));
#1758=IFCAXIS2PLACEMENT3D(#1755,#1756,#1757);
#1759=IFCEXTRUDEDAREASOLID(#1754,#1758,#1753,2100.);
#1760=IFCSHAPEREPRESENTATION(#11,'Body','SweptSolid',(#1759));
#1761=IFCPRODUCTDEFINITIONSHAPE($,$,(#1760));
#1767=IFCRELVOIDSELEMENT('2VjbyXunH3eQ25pYLbUXDX',$,$,$,#769,#1750);
#1768=IFCCARTESIANPOINT((1949.9999999999993,-9.9999999999997868,0.));
#1769=IFCDIRECTION((0.,0.,1.));
#1770=IFCDIRECTION((1.,0.,0.));
#1771=IFCAXIS2PLACEMENT3D(#1768,#1769,#1770);
#1772=IFCLOCALPLACEMENT(#785,#1771);
#1773=IFCDOOR('3zlOghLVr1zhxhE_7CQuaa',$,'L01-D05',$,$,$,$,$,2100.,900.,$,$,$);
#1774=IFCRELFILLSELEMENT('1V_JBzByf4zAuGlkyE8IYF',$,$,$,#1750,#1773);
#1775=IFCOPENINGELEMENT('315YrMVfrFQP5NcRRuXLub',$,'L01-D06-void',$,$,#1797,#1786,$,$);
#1776=IFCCARTESIANPOINTLIST2D(((0.,0.),(0.,120.),(900.,120.),(900.,0.),(0.,0.)));
#1777=IFCINDEXEDPOLYCURVE(#1776,$,.F.);
#1778=IFCDIRECTION((0.,0.,1.));
#1779=IFCARBITRARYCLOSEDPROFILEDEF(.AREA.,$,#1777);
#1780=IFCCARTESIANPOINT((0.,0.,0.));
#1781=IFCDIRECTION((0.,0.,1.));
#1782=IFCDIRECTION((1.,0.,0.));
#1783=IFCAXIS2PLACEMENT3D(#1780,#1781,#1782);
#1784=IFCEXTRUDEDAREASOLID(#1779,#1783,#1778,2100.);
#1785=IFCSHAPEREPRESENTATION(#11,'Body','SweptSolid',(#1784));
#1786=IFCPRODUCTDEFINITIONSHAPE($,$,(#1785));
#1792=IFCRELVOIDSELEMENT('37baxTEFPDqRbhBMshOIFT',$,$,$,#786,#1775);
#1793=IFCCARTESIANPOINT((1349.9999999999995,-9.9999999999997868,0.));
#1794=IFCDIRECTION((0.,0.,1.));
#1795=IFCDIRECTION((1.,0.,0.));
#1796=IFCAXIS2PLACEMENT3D(#1793,#1794,#1795);
#1797=IFCLOCALPLACEMENT(#802,#1796);
#1798=IFCDOOR('1cJT7cK4b83xydzRGBe7OI',$,'L01-D06',$,$,$,$,$,2100.,900.,$,$,$);
#1799=IFCRELFILLSELEMENT('3UI91uWOb6geTds3OtH8ql',$,$,$,#1775,#1798);
#1800=IFCOPENINGELEMENT('1r0qFYki568PGJOJTES$UJ',$,'L01-D07-void',$,$,#1822,#1811,$,$);
#1801=IFCCARTESIANPOINTLIST2D(((0.,0.),(0.,120.),(900.,120.),(900.,0.),(0.,0.)));
#1802=IFCINDEXEDPOLYCURVE(#1801,$,.F.);
#1803=IFCDIRECTION((0.,0.,1.));
#1804=IFCARBITRARYCLOSEDPROFILEDEF(.AREA.,$,#1802);
#1805=IFCCARTESIANPOINT((0.,0.,0.));
#1806=IFCDIRECTION((0.,0.,1.));
#1807=IFCDIRECTION((1.,0.,0.));
#1808=IFCAXIS2PLACEMENT3D(#1805,#1806,#1807);
#1809=IFCEXTRUDEDAREASOLID(#1804,#1808,#1803,2100.);
#1810=IFCSHAPEREPRESENTATION(#11,'Body','SweptSolid',(#1809));
#1811=IFCPRODUCTDEFINITIONSHAPE($,$,(#1810));
#1817=IFCRELVOIDSELEMENT('1BP0WKFHf3yfeZHb3DWvt5',$,$,$,#803,#1800);
#1818=IFCCARTESIANPOINT((1625.,-9.9999999999997868,0.));
#1819=IFCDIRECTION((0.,0.,1.));
#1820=IFCDIRECTION((1.,0.,0.));
#1821=IFCAXIS2PLACEMENT3D(#1818,#1819,#1820);
#1822=IFCLOCALPLACEMENT(#819,#1821);
#1823=IFCDOOR('3VdgtmIsjANBkbS8NRoD8w',$,'L01-D07',$,$,$,$,$,2100.,900.,$,$,$);
#1824=IFCRELFILLSELEMENT('0ecBwA7cLCAwarEsg0JaMg',$,$,$,#1800,#1823);
#1825=IFCOPENINGELEMENT('2pjrb3ZJP0ixz1obGRXnw9',$,'L01-G00-void',$,$,#1847,#1836,$,$);
#1826=IFCCARTESIANPOINTLIST2D(((0.,0.),(0.,320.),(800.,320.),(800.,0.),(0.,0.)));
#1827=IFCINDEXEDPOLYCURVE(#1826,$,.F.);
#1828=IFCDIRECTION((0.,0.,1.));
#1829=IFCARBITRARYCLOSEDPROFILEDEF(.AREA.,$,#1827);
#1830=IFCCARTESIANPOINT((0.,0.,0.));
#1831=IFCDIRECTION((0.,0.,1.));
#1832=IFCDIRECTION((1.,0.,0.));
#1833=IFCAXIS2PLACEMENT3D(#1830,#1831,#1832);
#1834=IFCEXTRUDEDAREASOLID(#1829,#1833,#1828,1500.);
#1835=IFCSHAPEREPRESENTATION(#11,'Body','SweptSolid',(#1834));
#1836=IFCPRODUCTDEFINITIONSHAPE($,$,(#1835));
#1842=IFCRELVOIDSELEMENT('2s_OpcYKH2xBCtezNr1O_q',$,$,$,#616,#1825);
#1843=IFCCARTESIANPOINT((500.,-10.000000000000675,799.99999999999932));
#1844=IFCDIRECTION((0.,0.,1.));
#1845=IFCDIRECTION((1.,0.,0.));
#1846=IFCAXIS2PLACEMENT3D(#1843,#1844,#1845);
#1847=IFCLOCALPLACEMENT(#632,#1846);
#1848=IFCWINDOW('1XpTdRDFn0ausGjQBWwbeA',$,'L01-G00',$,$,$,$,$,1500.,800.,$,$,$);
#1849=IFCRELFILLSELEMENT('05Pop5vLj1ChdIRcpY8J_4',$,$,$,#1825,#1848);
#1850=IFCOPENINGELEMENT('3gYztb6qnCL9EBhXwUhdDg',$,'L01-G01-void',$,$,#1872,#1861,$,$);
#1851=IFCCARTESIANPOINTLIST2D(((0.,0.),(0.,320.),(800.,320.),(800.,0.),(0.,0.)));
#1852=IFCINDEXEDPOLYCURVE(#1851,$,.F.);
#1853=IFCDIRECTION((0.,0.,1.));
#1854=IFCARBITRARYCLOSEDPROFILEDEF(.AREA.,$,#1852);
#1855=IFCCARTESIANPOINT((0.,0.,0.));
#1856=IFCDIRECTION((0.,0.,1.));
#1857=IFCDIRECTION((1.,0.,0.));
#1858=IFCAXIS2PLACEMENT3D(#1855,#1856,#1857);
#1859=IFCEXTRUDEDAREASOLID(#1854,#1858,#1853,1500.);
#1860=IFCSHAPEREPRESENTATION(#11,'Body','SweptSolid',(#1859));
#1861=IFCPRODUCTDEFINITIONSHAPE($,$,(#1860));
#1867=IFCRELVOIDSELEMENT('3zuSEFJsLE1PgZMSVd_ZR_',$,$,$,#633,#1850);
#1868=IFCCARTESIANPOINT((525.00000000000034,-10.000000000000675,799.99999999999932));
#1869=IFCDIRECTION((0.,0.,1.));
#1870=IFCDIRECTION((1.,0.,0.));
#1871=IFCAXIS2PLACEMENT3D(#1868,#1869,#1870);
#1872=IFCLOCALPLACEMENT(#649,#1871);
#1873=IFCWINDOW('0m3IwXdVvFZw5D$5AhAXrv',$,'L01-G01',$,$,$,$,$,1500.,800.,$,$,$);
#1874=IFCRELFILLSELEMENT('0PoWNkPWrAYOzJVuhq_Tc1',$,$,$,#1850,#1873);
#1875=IFCOPENINGELEMENT('1fkPf7z5nBMgyIGASwIzin',$,'L01-G02-void',$,$,#1897,#1886,$,$);
#1876=IFCCARTESIANPOINTLIST2D(((0.,0.),(0.,320.),(2300.,320.),(2300.,0.),(0.,0.)));
#1877=IFCINDEXEDPOLYCURVE(#1876,$,.F.);
#1878=IFCDIRECTION((0.,0.,1.));
#1879=IFCARBITRARYCLOSEDPROFILEDEF(.AREA.,$,#1877);
#1880=IFCCARTESIANPOINT((0.,0.,0.));
#1881=IFCDIRECTION((0.,0.,1.));
#1882=IFCDIRECTION((1.,0.,0.));
#1883=IFCAXIS2PLACEMENT3D(#1880,#1881,#1882);
#1884=IFCEXTRUDEDAREASOLID(#1879,#1883,#1878,1500.);
#1885=IFCSHAPEREPRESENTATION(#11,'Body','SweptSolid',(#1884));
#1886=IFCPRODUCTDEFINITIONSHAPE($,$,(#1885));
#1892=IFCRELVOIDSELEMENT('1Qv8P4j193sRJpIZoYKDMo',$,$,$,#667,#1875);
#1893=IFCCARTESIANPOINT((1075.0000000000011,-10.000000000000675,799.99999999999932));
#1894=IFCDIRECTION((0.,0.,1.));
#1895=IFCDIRECTION((1.,0.,0.));
#1896=IFCAXIS2PLACEMENT3D(#1893,#1894,#1895);
#1897=IFCLOCALPLACEMENT(#683,#1896);
#1898=IFCWINDOW('0mn$jmdn10xAYDbtzsCFa7',$,'L01-G02',$,$,$,$,$,1500.,2300.,$,$,$);
#1899=IFCRELFILLSELEMENT('1ZglT9Ai19IwXeBezD73D2',$,$,$,#1875,#1898);
#1900=IFCOPENINGELEMENT('1Wxct5_Ar2t9sZVVH1yGgV',$,'L01-G03-void',$,$,#1922,#1911,$,$);
#1901=IFCCARTESIANPOINTLIST2D(((0.,0.),(0.,320.),(2300.,320.),(2300.,0.),(0.,0.)));
#1902=IFCINDEXEDPOLYCURVE(#1901,$,.F.);
#1903=IFCDIRECTION((0.,0.,1.));
#1904=IFCARBITRARYCLOSEDPROFILEDEF(.AREA.,$,#1902);
#1905=IFCCARTESIANPOINT((0.,0.,0.));
#1906=IFCDIRECTION((0.,0.,1.));
#1907=IFCDIRECTION((1.,0.,0.));
#1908=IFCAXIS2PLACEMENT3D(#1905,#1906,#1907);
#1909=IFCEXTRUDEDAREASOLID(#1904,#1908,#1903,1500.);
#1910=IFCSHAPEREPRESENTATION(#11,'Body','SweptSolid',(#1909));
#1911=IFCPRODUCTDEFINITIONSHAPE($,$,(#1910));
#1917=IFCRELVOIDSELEMENT('2zQYmCLmn4j83waTnBTkW5',$,$,$,#820,#1900);
#1918=IFCCARTESIANPOINT((1250.,-10.000000000001563,799.99999999999932));
#1919=IFCDIRECTION((0.,0.,1.));
#1920=IFCDIRECTION((1.,0.,0.));
#1921=IFCAXIS2PLACEMENT3D(#1918,#1919,#1920);
#1922=IFCLOCALPLACEMENT(#836,#1921);
#1923=IFCWINDOW('1BZoogLJT1Zv5BEFohHlIN',$,'L01-G03',$,$,$,$,$,1500.,2300.,$,$,$);
#1924=IFCRELFILLSELEMENT('1jzHTCgqb2bQ_fRFLFuc7W',$,$,$,#1900,#1923);
#1925=IFCOPENINGELEMENT('2Ea8FySI5E4fcq8gR9mrEi',$,'L01-G04-void',$,$,#1947,#1936,$,$);
#1926=IFCCARTESIANPOINTLIST2D(((0.,0.),(0.,320.),(1800.,320.),(1800.,0.),(0.,0.)));
#1927=IFCINDEXEDPOLYCURVE(#1926,$,.F.);
#1928=IFCDIRECTION((0.,0.,1.));
#1929=IFCARBITRARYCLOSEDPROFILEDEF(.AREA.,$,#1927);
#1930=IFCCARTESIANPOINT((0.,0.,0.));
#1931=IFCDIRECTION((0.,0.,1.));
#1932=IFCDIRECTION((1.,0.,0.));
#1933=IFCAXIS2PLACEMENT3D(#1930,#1931,#1932);
#1934=IFCEXTRUDEDAREASOLID(#1929,#1933,#1928,1500.);
#1935=IFCSHAPEREPRESENTATION(#11,'Body','SweptSolid',(#1934));
#1936=IFCPRODUCTDEFINITIONSHAPE($,$,(#1935));
#1942=IFCRELVOIDSELEMENT('0DiVg7NzbBjgKmLeM$KgNZ',$,$,$,#837,#1925);
#1943=IFCCARTESIANPOINT((899.99999999999852,-10.000000000001563,799.99999999999932));
#1944=IFCDIRECTION((0.,0.,1.));
#1945=IFCDIRECTION((1.,0.,0.));
#1946=IFCAXIS2PLACEMENT3D(#1943,#1944,#1945);
#1947=IFCLOCALPLACEMENT(#853,#1946);
#1948=IFCWINDOW('00CNj8y7nDMAgwiyAiula4',$,'L01-G04',$,$,$,$,$,1500.,1800.,$,$,$);
#1949=IFCRELFILLSELEMENT('1o6GzNYx153OmdpLigRaVI',$,$,$,#1925,#1948);
#1950=IFCOPENINGELEMENT('35C82Sgg1EZuMIBnH2mmMg',$,'L01-G05-void',$,$,#1972,#1961,$,$);
#1951=IFCCARTESIANPOINTLIST2D(((0.,0.),(0.,320.),(2029.9999999999998,320.),(2029.9999999999998,0.),(0.,0.)));
#1952=IFCINDEXEDPOLYCURVE(#1951,$,.F.);
#1953=IFCDIRECTION((0.,0.,1.));
#1954=IFCARBITRARYCLOSEDPROFILEDEF(.AREA.,$,#1952);
#1955=IFCCARTESIANPOINT((0.,0.,0.));
#1956=IFCDIRECTION((0.,0.,1.));
#1957=IFCDIRECTION((1.,0.,0.));
#1958=IFCAXIS2PLACEMENT3D(#1955,#1956,#1957);
#1959=IFCEXTRUDEDAREASOLID(#1954,#1958,#1953,1500.);
#1960=IFCSHAPEREPRESENTATION(#11,'Body','SweptSolid',(#1959));
#1961=IFCPRODUCTDEFINITIONSHAPE($,$,(#1960));
#1967=IFCRELVOIDSELEMENT('3_HFON8hX6wQYr27iAXSuP',$,$,$,#854,#1950);
#1968=IFCCARTESIANPOINT((1060.0000000000005,-10.000000000001563,799.99999999999932));
#1969=IFCDIRECTION((0.,0.,1.));
#1970=IFCDIRECTION((1.,0.,0.));
#1971=IFCAXIS2PLACEMENT3D(#1968,#1969,#1970);
#1972=IFCLOCALPLACEMENT(#870,#1971);
#1973=IFCWINDOW('19b6bJ7l5CfBdP6bV7ucDx',$,'L01-G05',$,$,$,$,$,1500.,2030.,$,$,$);
#1974=IFCRELFILLSELEMENT('0ySHxf2Gn8m9RVq1DqZ9Ur',$,$,$,#1950,#1973);
#1975=IFCOPENINGELEMENT('2Ol92jcY1CvxxttN82zyFh',$,'L01-G06-void',$,$,#1997,#1986,$,$);
#1976=IFCCARTESIANPOINTLIST2D(((0.,0.),(0.,320.),(2300.,320.),(2300.,0.),(0.,0.)));
#1977=IFCINDEXEDPOLYCURVE(#1976,$,.F.);
#1978=IFCDIRECTION((0.,0.,1.));
#1979=IFCARBITRARYCLOSEDPROFILEDEF(.AREA.,$,#1977);
#1980=IFCCARTESIANPOINT((0.,0.,0.));
#1981=IFCDIRECTION((0.,0.,1.));
#1982=IFCDIRECTION((1.,0.,0.));
#1983=IFCAXIS2PLACEMENT3D(#1980,#1981,#1982);
#1984=IFCEXTRUDEDAREASOLID(#1979,#1983,#1978,1500.);
#1985=IFCSHAPEREPRESENTATION(#11,'Body','SweptSolid',(#1984));
#1986=IFCPRODUCTDEFINITIONSHAPE($,$,(#1985));
#1992=IFCRELVOIDSELEMENT('3jZLv19B19DQII0gnQF$O7',$,$,$,#905,#1975);
#1993=IFCCARTESIANPOINT((1349.9999999999995,-10.000000000000675,799.99999999999932));
#1994=IFCDIRECTION((0.,0.,1.));
#1995=IFCDIRECTION((1.,0.,0.));
#1996=IFCAXIS2PLACEMENT3D(#1993,#1994,#1995);
#1997=IFCLOCALPLACEMENT(#921,#1996);
#1998=IFCWINDOW('3cM9zbuXTCJwf7XiWnzF6S',$,'L01-G06',$,$,$,$,$,1500.,2300.,$,$,$);
#1999=IFCRELFILLSELEMENT('0f6wLWm$L6SxJsltc7ZbNi',$,$,$,#1975,#1998);
#2000=IFCOPENINGELEMENT('1FN41AcoT9sRt6zOiH64kd',$,'L01-G07-void',$,$,#2022,#2011,$,$);
#2001=IFCCARTESIANPOINTLIST2D(((0.,0.),(0.,320.),(2300.,320.),(2300.,0.),(0.,0.)));
#2002=IFCINDEXEDPOLYCURVE(#2001,$,.F.);
#2003=IFCDIRECTION((0.,0.,1.));
#2004=IFCARBITRARYCLOSEDPROFILEDEF(.AREA.,$,#2002);
#2005=IFCCARTESIANPOINT((0.,0.,0.));
#2006=IFCDIRECTION((0.,0.,1.));
#2007=IFCDIRECTION((1.,0.,0.));
#2008=IFCAXIS2PLACEMENT3D(#2005,#2006,#2007);
#2009=IFCEXTRUDEDAREASOLID(#2004,#2008,#2003,1500.);
#2010=IFCSHAPEREPRESENTATION(#11,'Body','SweptSolid',(#2009));
#2011=IFCPRODUCTDEFINITIONSHAPE($,$,(#2010));
#2017=IFCRELVOIDSELEMENT('3$bc6HewL1aeY9bGZAnWvE',$,$,$,#1024,#2000);
#2018=IFCCARTESIANPOINT((1549.9999999999998,-9.9999999999980105,799.99999999999932));
#2019=IFCDIRECTION((0.,0.,1.));
#2020=IFCDIRECTION((1.,0.,0.));
#2021=IFCAXIS2PLACEMENT3D(#2018,#2019,#2020);
#2022=IFCLOCALPLACEMENT(#1040,#2021);
#2023=IFCWINDOW('2Tz7oqBGL9evR2P4Dn8Not',$,'L01-G07',$,$,$,$,$,1500.,2300.,$,$,$);
#2024=IFCRELFILLSELEMENT('0aqAvBatv0bfFiuLsDhoul',$,$,$,#2000,#2023);
#2025=IFCOPENINGELEMENT('0kX8UHwMXDNf3xcSJKWxhX',$,'L01-G08-void',$,$,#2047,#2036,$,$);
#2026=IFCCARTESIANPOINTLIST2D(((0.,0.),(0.,320.),(2029.9999999999998,320.),(2029.9999999999998,0.),(0.,0.)));
#2027=IFCINDEXEDPOLYCURVE(#2026,$,.F.);
#2028=IFCDIRECTION((0.,0.,1.));
#2029=IFCARBITRARYCLOSEDPROFILEDEF(.AREA.,$,#2027);
#2030=IFCCARTESIANPOINT((0.,0.,0.));
#2031=IFCDIRECTION((0.,0.,1.));
#2032=IFCDIRECTION((1.,0.,0.));
#2033=IFCAXIS2PLACEMENT3D(#2030,#2031,#2032);
#2034=IFCEXTRUDEDAREASOLID(#2029,#2033,#2028,1500.);
#2035=IFCSHAPEREPRESENTATION(#11,'Body','SweptSolid',(#2034));
#2036=IFCPRODUCTDEFINITIONSHAPE($,$,(#2035));
#2042=IFCRELVOIDSELEMENT('0AkstuaprF1R46g_j9XDnj',$,$,$,#1058,#2025);
#2043=IFCCARTESIANPOINT((1484.9999999999993,-9.9999999999980105,799.99999999999932));
#2044=IFCDIRECTION((0.,0.,1.));
#2045=IFCDIRECTION((1.,0.,0.));
#2046=IFCAXIS2PLACEMENT3D(#2043,#2044,#2045);
#2047=IFCLOCALPLACEMENT(#1074,#2046);
#2048=IFCWINDOW('2UvwksajbDR8OmIBcpnBl7',$,'L01-G08',$,$,$,$,$,1500.,2030.,$,$,$);
#2049=IFCRELFILLSELEMENT('1Sz9KCaYzBAuI2L9VB67pp',$,$,$,#2025,#2048);
#2050=IFCSPACE('1B2mDG4TH0yggyqAesYRIq',$,'stair',$,'stair',#2069,#2064,'Stair',$,$,$);
#2051=IFCRELAGGREGATES('2_32KBS7v8UAAmFQZ63aF2',$,$,$,#16,(#2050,#2089,#2146,#2108,#2241,#2203,#2165,#2127,#2184,#2222,#2070));
#2052=IFCCARTESIANPOINT((6550.,6150.));
#2053=IFCCARTESIANPOINT((8950.,6150.));
#2054=IFCCARTESIANPOINT((8950.,11350.));
#2055=IFCCARTESIANPOINT((6550.,11350.));
#2056=IFCCARTESIANPOINT((6550.,6150.));
#2057=IFCPOLYLINE((#2052,#2053,#2054,#2055,#2056));
#2058=IFCARBITRARYCLOSEDPROFILEDEF(.AREA.,$,#2057);
#2059=IFCCARTESIANPOINT((0.,0.,0.));
#2060=IFCAXIS2PLACEMENT3D(#2059,$,$);
#2061=IFCDIRECTION((0.,0.,1.));
#2062=IFCEXTRUDEDAREASOLID(#2058,#2060,#2061,3000.);
#2063=IFCSHAPEREPRESENTATION(#11,'Body','SweptSolid',(#2062));
#2064=IFCPRODUCTDEFINITIONSHAPE($,$,(#2063));
#2065=IFCCARTESIANPOINT((0.,0.,0.));
#2066=IFCDIRECTION((0.,0.,1.));
#2067=IFCDIRECTION((1.,0.,0.));
#2068=IFCAXIS2PLACEMENT3D(#2065,#2066,#2067);
#2069=IFCLOCALPLACEMENT($,#2068);
#2070=IFCSPACE('06tM0yGRrA3AofUz7phVM$',$,'bath-ground',$,'bathroom',#2088,#2083,'Bath Ground',$,$,$);
#2071=IFCCARTESIANPOINT((9050.,6150.));
#2072=IFCCARTESIANPOINT((10750.,6150.));
#2073=IFCCARTESIANPOINT((10750.,11350.));
#2074=IFCCARTESIANPOINT((9050.,11350.));
#2075=IFCCARTESIANPOINT((9050.,6150.));
#2076=IFCPOLYLINE((#2071,#2072,#2073,#2074,#2075));
#2077=IFCARBITRARYCLOSEDPROFILEDEF(.AREA.,$,#2076);
#2078=IFCCARTESIANPOINT((0.,0.,0.));
#2079=IFCAXIS2PLACEMENT3D(#2078,$,$);
#2080=IFCDIRECTION((0.,0.,1.));
#2081=IFCEXTRUDEDAREASOLID(#2077,#2079,#2080,3000.);
#2082=IFCSHAPEREPRESENTATION(#11,'Body','SweptSolid',(#2081));
#2083=IFCPRODUCTDEFINITIONSHAPE($,$,(#2082));
#2084=IFCCARTESIANPOINT((0.,0.,0.));
#2085=IFCDIRECTION((0.,0.,1.));
#2086=IFCDIRECTION((1.,0.,0.));
#2087=IFCAXIS2PLACEMENT3D(#2084,#2085,#2086);
#2088=IFCLOCALPLACEMENT($,#2087);
#2089=IFCSPACE('0yN1z0DD94AeTCj2qG8HbL',$,'utility',$,'utility',#2107,#2102,'Utility',$,$,$);
#2090=IFCCARTESIANPOINT((10850.,6150.));
#2091=IFCCARTESIANPOINT((12600.,6150.));
#2092=IFCCARTESIANPOINT((12600.,11350.));
#2093=IFCCARTESIANPOINT((10850.,11350.));
#2094=IFCCARTESIANPOINT((10850.,6150.));
#2095=IFCPOLYLINE((#2090,#2091,#2092,#2093,#2094));
#2096=IFCARBITRARYCLOSEDPROFILEDEF(.AREA.,$,#2095);
#2097=IFCCARTESIANPOINT((0.,0.,0.));
#2098=IFCAXIS2PLACEMENT3D(#2097,$,$);
#2099=IFCDIRECTION((0.,0.,1.));
#2100=IFCEXTRUDEDAREASOLID(#2096,#2098,#2099,3000.);
#2101=IFCSHAPEREPRESENTATION(#11,'Body','SweptSolid',(#2100));
#2102=IFCPRODUCTDEFINITIONSHAPE($,$,(#2101));
#2103=IFCCARTESIANPOINT((0.,0.,0.));
#2104=IFCDIRECTION((0.,0.,1.));
#2105=IFCDIRECTION((1.,0.,0.));
#2106=IFCAXIS2PLACEMENT3D(#2103,#2104,#2105);
#2107=IFCLOCALPLACEMENT($,#2106);
#2108=IFCSPACE('2MTxSc8XLCBRHZmXBciq0X',$,'entry',$,'entrance',#2126,#2121,'Entry',$,$,$);
#2109=IFCCARTESIANPOINT((12700.,6150.));
#2110=IFCCARTESIANPOINT((15200.,6150.));
#2111=IFCCARTESIANPOINT((15200.,11350.));
#2112=IFCCARTESIANPOINT((12700.,11350.));
#2113=IFCCARTESIANPOINT((12700.,6150.));
#2114=IFCPOLYLINE((#2109,#2110,#2111,#2112,#2113));
#2115=IFCARBITRARYCLOSEDPROFILEDEF(.AREA.,$,#2114);
#2116=IFCCARTESIANPOINT((0.,0.,0.));
#2117=IFCAXIS2PLACEMENT3D(#2116,$,$);
#2118=IFCDIRECTION((0.,0.,1.));
#2119=IFCEXTRUDEDAREASOLID(#2115,#2117,#2118,3000.);
#2120=IFCSHAPEREPRESENTATION(#11,'Body','SweptSolid',(#2119));
#2121=IFCPRODUCTDEFINITIONSHAPE($,$,(#2120));
#2122=IFCCARTESIANPOINT((0.,0.,0.));
#2123=IFCDIRECTION((0.,0.,1.));
#2124=IFCDIRECTION((1.,0.,0.));
#2125=IFCAXIS2PLACEMENT3D(#2122,#2123,#2124);
#2126=IFCLOCALPLACEMENT($,#2125);
#2127=IFCSPACE('2J9o_P7gH8u8ZuCFE3_0mA',$,'storage',$,'store',#2145,#2140,'Storage',$,$,$);
#2128=IFCCARTESIANPOINT((15300.,6150.));
#2129=IFCCARTESIANPOINT((17400.,6150.));
#2130=IFCCARTESIANPOINT((17400.,11350.));
#2131=IFCCARTESIANPOINT((15300.,11350.));
#2132=IFCCARTESIANPOINT((15300.,6150.));
#2133=IFCPOLYLINE((#2128,#2129,#2130,#2131,#2132));
#2134=IFCARBITRARYCLOSEDPROFILEDEF(.AREA.,$,#2133);
#2135=IFCCARTESIANPOINT((0.,0.,0.));
#2136=IFCAXIS2PLACEMENT3D(#2135,$,$);
#2137=IFCDIRECTION((0.,0.,1.));
#2138=IFCEXTRUDEDAREASOLID(#2134,#2136,#2137,3000.);
#2139=IFCSHAPEREPRESENTATION(#11,'Body','SweptSolid',(#2138));
#2140=IFCPRODUCTDEFINITIONSHAPE($,$,(#2139));
#2141=IFCCARTESIANPOINT((0.,0.,0.));
#2142=IFCDIRECTION((0.,0.,1.));
#2143=IFCDIRECTION((1.,0.,0.));
#2144=IFCAXIS2PLACEMENT3D(#2141,#2142,#2143);
#2145=IFCLOCALPLACEMENT($,#2144);
#2146=IFCSPACE('0lw8JdKXX4gQuMnsE2fy7n',$,'study',$,'study',#2164,#2159,'Study',$,$,$);
#2147=IFCCARTESIANPOINT((17500.,6150.));
#2148=IFCCARTESIANPOINT((20000.,6150.));
#2149=IFCCARTESIANPOINT((20000.,11350.));
#2150=IFCCARTESIANPOINT((17500.,11350.));
#2151=IFCCARTESIANPOINT((17500.,6150.));
#2152=IFCPOLYLINE((#2147,#2148,#2149,#2150,#2151));
#2153=IFCARBITRARYCLOSEDPROFILEDEF(.AREA.,$,#2152);
#2154=IFCCARTESIANPOINT((0.,0.,0.));
#2155=IFCAXIS2PLACEMENT3D(#2154,$,$);
#2156=IFCDIRECTION((0.,0.,1.));
#2157=IFCEXTRUDEDAREASOLID(#2153,#2155,#2156,3000.);
#2158=IFCSHAPEREPRESENTATION(#11,'Body','SweptSolid',(#2157));
#2159=IFCPRODUCTDEFINITIONSHAPE($,$,(#2158));
#2160=IFCCARTESIANPOINT((0.,0.,0.));
#2161=IFCDIRECTION((0.,0.,1.));
#2162=IFCDIRECTION((1.,0.,0.));
#2163=IFCAXIS2PLACEMENT3D(#2160,#2161,#2162);
#2164=IFCLOCALPLACEMENT($,#2163);
#2165=IFCSPACE('3GjcjTzGfFcP8bSheyA7Jo',$,'guest',$,'bedroom',#2183,#2178,'Guest',$,$,$);
#2166=IFCCARTESIANPOINT((20100.,6150.));
#2167=IFCCARTESIANPOINT((23450.,6150.));
#2168=IFCCARTESIANPOINT((23450.,11350.));
#2169=IFCCARTESIANPOINT((20100.,11350.));
#2170=IFCCARTESIANPOINT((20100.,6150.));
#2171=IFCPOLYLINE((#2166,#2167,#2168,#2169,#2170));
#2172=IFCARBITRARYCLOSEDPROFILEDEF(.AREA.,$,#2171);
#2173=IFCCARTESIANPOINT((0.,0.,0.));
#2174=IFCAXIS2PLACEMENT3D(#2173,$,$);
#2175=IFCDIRECTION((0.,0.,1.));
#2176=IFCEXTRUDEDAREASOLID(#2172,#2174,#2175,3000.);
#2177=IFCSHAPEREPRESENTATION(#11,'Body','SweptSolid',(#2176));
#2178=IFCPRODUCTDEFINITIONSHAPE($,$,(#2177));
#2179=IFCCARTESIANPOINT((0.,0.,0.));
#2180=IFCDIRECTION((0.,0.,1.));
#2181=IFCDIRECTION((1.,0.,0.));
#2182=IFCAXIS2PLACEMENT3D(#2179,#2180,#2181);
#2183=IFCLOCALPLACEMENT($,#2182);
#2184=IFCSPACE('0bI7gYPTv5l9K1qQj7BOit',$,'hall',$,'corridor',#2202,#2197,'Hall',$,$,$);
#2185=IFCCARTESIANPOINT((6550.,11450.));
#2186=IFCCARTESIANPOINT((23450.,11450.));
#2187=IFCCARTESIANPOINT((23450.,12650.));
#2188=IFCCARTESIANPOINT((6550.,12650.));
#2189=IFCCARTESIANPOINT((6550.,11450.));
#2190=IFCPOLYLINE((#2185,#2186,#2187,#2188,#2189));
#2191=IFCARBITRARYCLOSEDPROFILEDEF(.AREA.,$,#2190);
#2192=IFCCARTESIANPOINT((0.,0.,0.));
#2193=IFCAXIS2PLACEMENT3D(#2192,$,$);
#2194=IFCDIRECTION((0.,0.,1.));
#2195=IFCEXTRUDEDAREASOLID(#2191,#2193,#2194,3000.);
#2196=IFCSHAPEREPRESENTATION(#11,'Body','SweptSolid',(#2195));
#2197=IFCPRODUCTDEFINITIONSHAPE($,$,(#2196));
#2198=IFCCARTESIANPOINT((0.,0.,0.));
#2199=IFCDIRECTION((0.,0.,1.));
#2200=IFCDIRECTION((1.,0.,0.));
#2201=IFCAXIS2PLACEMENT3D(#2198,#2199,#2200);
#2202=IFCLOCALPLACEMENT($,#2201);
#2203=IFCSPACE('1yoH3tZFDCK92spvGv5Pxa',$,'living',$,'living',#2221,#2216,'Living',$,$,$);
#2204=IFCCARTESIANPOINT((6550.,12750.));
#2205=IFCCARTESIANPOINT((14350.,12750.));
#2206=IFCCARTESIANPOINT((14350.,17550.));
#2207=IFCCARTESIANPOINT((6550.,17550.));
#2208=IFCCARTESIANPOINT((6550.,12750.));
#2209=IFCPOLYLINE((#2204,#2205,#2206,#2207,#2208));
#2210=IFCARBITRARYCLOSEDPROFILEDEF(.AREA.,$,#2209);
#2211=IFCCARTESIANPOINT((0.,0.,0.));
#2212=IFCAXIS2PLACEMENT3D(#2211,$,$);
#2213=IFCDIRECTION((0.,0.,1.));
#2214=IFCEXTRUDEDAREASOLID(#2210,#2212,#2213,3000.);
#2215=IFCSHAPEREPRESENTATION(#11,'Body','SweptSolid',(#2214));
#2216=IFCPRODUCTDEFINITIONSHAPE($,$,(#2215));
#2217=IFCCARTESIANPOINT((0.,0.,0.));
#2218=IFCDIRECTION((0.,0.,1.));
#2219=IFCDIRECTION((1.,0.,0.));
#2220=IFCAXIS2PLACEMENT3D(#2217,#2218,#2219);
#2221=IFCLOCALPLACEMENT($,#2220);
#2222=IFCSPACE('33H6hey3r6EAvDazFQw1$6',$,'dining',$,'dining',#2240,#2235,'Dining',$,$,$);
#2223=IFCCARTESIANPOINT((14450.,12750.));
#2224=IFCCARTESIANPOINT((18750.,12750.));
#2225=IFCCARTESIANPOINT((18750.,17550.));
#2226=IFCCARTESIANPOINT((14450.,17550.));
#2227=IFCCARTESIANPOINT((14450.,12750.));
#2228=IFCPOLYLINE((#2223,#2224,#2225,#2226,#2227));
#2229=IFCARBITRARYCLOSEDPROFILEDEF(.AREA.,$,#2228);
#2230=IFCCARTESIANPOINT((0.,0.,0.));
#2231=IFCAXIS2PLACEMENT3D(#2230,$,$);
#2232=IFCDIRECTION((0.,0.,1.));
#2233=IFCEXTRUDEDAREASOLID(#2229,#2231,#2232,3000.);
#2234=IFCSHAPEREPRESENTATION(#11,'Body','SweptSolid',(#2233));
#2235=IFCPRODUCTDEFINITIONSHAPE($,$,(#2234));
#2236=IFCCARTESIANPOINT((0.,0.,0.));
#2237=IFCDIRECTION((0.,0.,1.));
#2238=IFCDIRECTION((1.,0.,0.));
#2239=IFCAXIS2PLACEMENT3D(#2236,#2237,#2238);
#2240=IFCLOCALPLACEMENT($,#2239);
#2241=IFCSPACE('1VfWgSHf11Uf95MsKtYX4V',$,'kitchen',$,'kitchen',#2259,#2254,'Kitchen',$,$,$);
#2242=IFCCARTESIANPOINT((18850.,12750.));
#2243=IFCCARTESIANPOINT((23450.,12750.));
#2244=IFCCARTESIANPOINT((23450.,17550.));
#2245=IFCCARTESIANPOINT((18850.,17550.));
#2246=IFCCARTESIANPOINT((18850.,12750.));
#2247=IFCPOLYLINE((#2242,#2243,#2244,#2245,#2246));
#2248=IFCARBITRARYCLOSEDPROFILEDEF(.AREA.,$,#2247);
#2249=IFCCARTESIANPOINT((0.,0.,0.));
#2250=IFCAXIS2PLACEMENT3D(#2249,$,$);
#2251=IFCDIRECTION((0.,0.,1.));
#2252=IFCEXTRUDEDAREASOLID(#2248,#2250,#2251,3000.);
#2253=IFCSHAPEREPRESENTATION(#11,'Body','SweptSolid',(#2252));
#2254=IFCPRODUCTDEFINITIONSHAPE($,$,(#2253));
#2255=IFCCARTESIANPOINT((0.,0.,0.));
#2256=IFCDIRECTION((0.,0.,1.));
#2257=IFCDIRECTION((1.,0.,0.));
#2258=IFCAXIS2PLACEMENT3D(#2255,#2256,#2257);
#2259=IFCLOCALPLACEMENT($,#2258);
#2260=IFCSPACE('1WCXtPiyjBxvVDzdL_t56j',$,'stair-up',$,'stair',#2279,#2274,'Stair Up',$,$,$);
#2261=IFCRELAGGREGATES('36DZMl2yT45gX7hSRiTHQM',$,$,$,#18,(#2356,#2394,#2260,#2413,#2375,#2337,#2318,#2280,#2299));
#2262=IFCCARTESIANPOINT((6550.,6150.));
#2263=IFCCARTESIANPOINT((8950.,6150.));
#2264=IFCCARTESIANPOINT((8950.,11350.));
#2265=IFCCARTESIANPOINT((6550.,11350.));
#2266=IFCCARTESIANPOINT((6550.,6150.));
#2267=IFCPOLYLINE((#2262,#2263,#2264,#2265,#2266));
#2268=IFCARBITRARYCLOSEDPROFILEDEF(.AREA.,$,#2267);
#2269=IFCCARTESIANPOINT((0.,0.,0.));
#2270=IFCAXIS2PLACEMENT3D(#2269,$,$);
#2271=IFCDIRECTION((0.,0.,1.));
#2272=IFCEXTRUDEDAREASOLID(#2268,#2270,#2271,3000.);
#2273=IFCSHAPEREPRESENTATION(#11,'Body','SweptSolid',(#2272));
#2274=IFCPRODUCTDEFINITIONSHAPE($,$,(#2273));
#2275=IFCCARTESIANPOINT((0.,0.,3300.));
#2276=IFCDIRECTION((0.,0.,1.));
#2277=IFCDIRECTION((1.,0.,0.));
#2278=IFCAXIS2PLACEMENT3D(#2275,#2276,#2277);
#2279=IFCLOCALPLACEMENT($,#2278);
#2280=IFCSPACE('2KUNgl$QP0pA$MEyziJMh5',$,'bath-family',$,'bathroom',#2298,#2293,'Bath Family',$,$,$);
#2281=IFCCARTESIANPOINT((9050.,6150.));
#2282=IFCCARTESIANPOINT((10750.,6150.));
#2283=IFCCARTESIANPOINT((10750.,11350.));
#2284=IFCCARTESIANPOINT((9050.,11350.));
#2285=IFCCARTESIANPOINT((9050.,6150.));
#2286=IFCPOLYLINE((#2281,#2282,#2283,#2284,#2285));
#2287=IFCARBITRARYCLOSEDPROFILEDEF(.AREA.,$,#2286);
#2288=IFCCARTESIANPOINT((0.,0.,0.));
#2289=IFCAXIS2PLACEMENT3D(#2288,$,$);
#2290=IFCDIRECTION((0.,0.,1.));
#2291=IFCEXTRUDEDAREASOLID(#2287,#2289,#2290,3000.);
#2292=IFCSHAPEREPRESENTATION(#11,'Body','SweptSolid',(#2291));
#2293=IFCPRODUCTDEFINITIONSHAPE($,$,(#2292));
#2294=IFCCARTESIANPOINT((0.,0.,3300.));
#2295=IFCDIRECTION((0.,0.,1.));
#2296=IFCDIRECTION((1.,0.,0.));
#2297=IFCAXIS2PLACEMENT3D(#2294,#2295,#2296);
#2298=IFCLOCALPLACEMENT($,#2297);
#2299=IFCSPACE('1Xl3TWsBb2oA0pHlYyKIfe',$,'ensuite',$,'ensuite',#2317,#2312,'Ensuite',$,$,$);
#2300=IFCCARTESIANPOINT((10850.,6150.));
#2301=IFCCARTESIANPOINT((12600.,6150.));
#2302=IFCCARTESIANPOINT((12600.,11350.));
#2303=IFCCARTESIANPOINT((10850.,11350.));
#2304=IFCCARTESIANPOINT((10850.,6150.));
#2305=IFCPOLYLINE((#2300,#2301,#2302,#2303,#2304));
#2306=IFCARBITRARYCLOSEDPROFILEDEF(.AREA.,$,#2305);
#2307=IFCCARTESIANPOINT((0.,0.,0.));
#2308=IFCAXIS2PLACEMENT3D(#2307,$,$);
#2309=IFCDIRECTION((0.,0.,1.));
#2310=IFCEXTRUDEDAREASOLID(#2306,#2308,#2309,3000.);
#2311=IFCSHAPEREPRESENTATION(#11,'Body','SweptSolid',(#2310));
#2312=IFCPRODUCTDEFINITIONSHAPE($,$,(#2311));
#2313=IFCCARTESIANPOINT((0.,0.,3300.));
#2314=IFCDIRECTION((0.,0.,1.));
#2315=IFCDIRECTION((1.,0.,0.));
#2316=IFCAXIS2PLACEMENT3D(#2313,#2314,#2315);
#2317=IFCLOCALPLACEMENT($,#2316);
#2318=IFCSPACE('1x_24nR3f06wEU1JsxpUzT',$,'dressing',$,'dressing',#2336,#2331,'Dressing',$,$,$);
#2319=IFCCARTESIANPOINT((12700.,6150.));
#2320=IFCCARTESIANPOINT((14450.,6150.));
#2321=IFCCARTESIANPOINT((14450.,11350.));
#2322=IFCCARTESIANPOINT((12700.,11350.));
#2323=IFCCARTESIANPOINT((12700.,6150.));
#2324=IFCPOLYLINE((#2319,#2320,#2321,#2322,#2323));
#2325=IFCARBITRARYCLOSEDPROFILEDEF(.AREA.,$,#2324);
#2326=IFCCARTESIANPOINT((0.,0.,0.));
#2327=IFCAXIS2PLACEMENT3D(#2326,$,$);
#2328=IFCDIRECTION((0.,0.,1.));
#2329=IFCEXTRUDEDAREASOLID(#2325,#2327,#2328,3000.);
#2330=IFCSHAPEREPRESENTATION(#11,'Body','SweptSolid',(#2329));
#2331=IFCPRODUCTDEFINITIONSHAPE($,$,(#2330));
#2332=IFCCARTESIANPOINT((0.,0.,3300.));
#2333=IFCDIRECTION((0.,0.,1.));
#2334=IFCDIRECTION((1.,0.,0.));
#2335=IFCAXIS2PLACEMENT3D(#2332,#2333,#2334);
#2336=IFCLOCALPLACEMENT($,#2335);
#2337=IFCSPACE('3SOxbtPdr1SOv1ZLowLkpR',$,'main-bedroom',$,'bedroom',#2355,#2350,'Main Bedroom',$,$,$);
#2338=IFCCARTESIANPOINT((14550.,6150.));
#2339=IFCCARTESIANPOINT((18800.,6150.));
#2340=IFCCARTESIANPOINT((18800.,11350.));
#2341=IFCCARTESIANPOINT((14550.,11350.));
#2342=IFCCARTESIANPOINT((14550.,6150.));
#2343=IFCPOLYLINE((#2338,#2339,#2340,#2341,#2342));
#2344=IFCARBITRARYCLOSEDPROFILEDEF(.AREA.,$,#2343);
#2345=IFCCARTESIANPOINT((0.,0.,0.));
#2346=IFCAXIS2PLACEMENT3D(#2345,$,$);
#2347=IFCDIRECTION((0.,0.,1.));
#2348=IFCEXTRUDEDAREASOLID(#2344,#2346,#2347,3000.);
#2349=IFCSHAPEREPRESENTATION(#11,'Body','SweptSolid',(#2348));
#2350=IFCPRODUCTDEFINITIONSHAPE($,$,(#2349));
#2351=IFCCARTESIANPOINT((0.,0.,3300.));
#2352=IFCDIRECTION((0.,0.,1.));
#2353=IFCDIRECTION((1.,0.,0.));
#2354=IFCAXIS2PLACEMENT3D(#2351,#2352,#2353);
#2355=IFCLOCALPLACEMENT($,#2354);
#2356=IFCSPACE('1jlMPqbavC7fzH6kMnf48G',$,'landing',$,'landing',#2374,#2369,'Landing',$,$,$);
#2357=IFCCARTESIANPOINT((6550.,11450.));
#2358=IFCCARTESIANPOINT((18800.,11450.));
#2359=IFCCARTESIANPOINT((18800.,12650.));
#2360=IFCCARTESIANPOINT((6550.,12650.));
#2361=IFCCARTESIANPOINT((6550.,11450.));
#2362=IFCPOLYLINE((#2357,#2358,#2359,#2360,#2361));
#2363=IFCARBITRARYCLOSEDPROFILEDEF(.AREA.,$,#2362);
#2364=IFCCARTESIANPOINT((0.,0.,0.));
#2365=IFCAXIS2PLACEMENT3D(#2364,$,$);
#2366=IFCDIRECTION((0.,0.,1.));
#2367=IFCEXTRUDEDAREASOLID(#2363,#2365,#2366,3000.);
#2368=IFCSHAPEREPRESENTATION(#11,'Body','SweptSolid',(#2367));
#2369=IFCPRODUCTDEFINITIONSHAPE($,$,(#2368));
#2370=IFCCARTESIANPOINT((0.,0.,3300.));
#2371=IFCDIRECTION((0.,0.,1.));
#2372=IFCDIRECTION((1.,0.,0.));
#2373=IFCAXIS2PLACEMENT3D(#2370,#2371,#2372);
#2374=IFCLOCALPLACEMENT($,#2373);
#2375=IFCSPACE('0lg3aPIlf7dRhJ6svqlRAc',$,'family',$,'living',#2393,#2388,'Family',$,$,$);
#2376=IFCCARTESIANPOINT((6550.,12750.));
#2377=IFCCARTESIANPOINT((11150.,12750.));
#2378=IFCCARTESIANPOINT((11150.,17550.));
#2379=IFCCARTESIANPOINT((6550.,17550.));
#2380=IFCCARTESIANPOINT((6550.,12750.));
#2381=IFCPOLYLINE((#2376,#2377,#2378,#2379,#2380));
#2382=IFCARBITRARYCLOSEDPROFILEDEF(.AREA.,$,#2381);
#2383=IFCCARTESIANPOINT((0.,0.,0.));
#2384=IFCAXIS2PLACEMENT3D(#2383,$,$);
#2385=IFCDIRECTION((0.,0.,1.));
#2386=IFCEXTRUDEDAREASOLID(#2382,#2384,#2385,3000.);
#2387=IFCSHAPEREPRESENTATION(#11,'Body','SweptSolid',(#2386));
#2388=IFCPRODUCTDEFINITIONSHAPE($,$,(#2387));
#2389=IFCCARTESIANPOINT((0.,0.,3300.));
#2390=IFCDIRECTION((0.,0.,1.));
#2391=IFCDIRECTION((1.,0.,0.));
#2392=IFCAXIS2PLACEMENT3D(#2389,#2390,#2391);
#2393=IFCLOCALPLACEMENT($,#2392);
#2394=IFCSPACE('1qpqw$7a12$94tjapXHaFG',$,'bed-2',$,'bedroom',#2412,#2407,'Bed 2',$,$,$);
#2395=IFCCARTESIANPOINT((11250.,12750.));
#2396=IFCCARTESIANPOINT((14750.,12750.));
#2397=IFCCARTESIANPOINT((14750.,17550.));
#2398=IFCCARTESIANPOINT((11250.,17550.));
#2399=IFCCARTESIANPOINT((11250.,12750.));
#2400=IFCPOLYLINE((#2395,#2396,#2397,#2398,#2399));
#2401=IFCARBITRARYCLOSEDPROFILEDEF(.AREA.,$,#2400);
#2402=IFCCARTESIANPOINT((0.,0.,0.));
#2403=IFCAXIS2PLACEMENT3D(#2402,$,$);
#2404=IFCDIRECTION((0.,0.,1.));
#2405=IFCEXTRUDEDAREASOLID(#2401,#2403,#2404,3000.);
#2406=IFCSHAPEREPRESENTATION(#11,'Body','SweptSolid',(#2405));
#2407=IFCPRODUCTDEFINITIONSHAPE($,$,(#2406));
#2408=IFCCARTESIANPOINT((0.,0.,3300.));
#2409=IFCDIRECTION((0.,0.,1.));
#2410=IFCDIRECTION((1.,0.,0.));
#2411=IFCAXIS2PLACEMENT3D(#2408,#2409,#2410);
#2412=IFCLOCALPLACEMENT($,#2411);
#2413=IFCSPACE('06b8mLW5bBrup26h7jrRpT',$,'bed-3',$,'bedroom',#2431,#2426,'Bed 3',$,$,$);
#2414=IFCCARTESIANPOINT((14850.,12750.));
#2415=IFCCARTESIANPOINT((18800.,12750.));
#2416=IFCCARTESIANPOINT((18800.,17550.));
#2417=IFCCARTESIANPOINT((14850.,17550.));
#2418=IFCCARTESIANPOINT((14850.,12750.));
#2419=IFCPOLYLINE((#2414,#2415,#2416,#2417,#2418));
#2420=IFCARBITRARYCLOSEDPROFILEDEF(.AREA.,$,#2419);
#2421=IFCCARTESIANPOINT((0.,0.,0.));
#2422=IFCAXIS2PLACEMENT3D(#2421,$,$);
#2423=IFCDIRECTION((0.,0.,1.));
#2424=IFCEXTRUDEDAREASOLID(#2420,#2422,#2423,3000.);
#2425=IFCSHAPEREPRESENTATION(#11,'Body','SweptSolid',(#2424));
#2426=IFCPRODUCTDEFINITIONSHAPE($,$,(#2425));
#2427=IFCCARTESIANPOINT((0.,0.,3300.));
#2428=IFCDIRECTION((0.,0.,1.));
#2429=IFCDIRECTION((1.,0.,0.));
#2430=IFCAXIS2PLACEMENT3D(#2427,#2428,#2429);
#2431=IFCLOCALPLACEMENT($,#2430);
ENDSEC;
END-ISO-10303-21;
